button,category,movie_name,card_title,price,sold_date
Add to cart,costumes,"TRIPODS, THE (1984-1985)",The Countess' (Pamela Salem) Blue Dress,£595,
Add to cart,costumes,"BROTHERS GRIMM, THE (2005)",Hidlick's (Mackenzie Crook) Hero Witch Costume and Appliances,"$2,875",
Add to cart,costumes,"GRAND BUDAPEST HOTEL, THE (2014)",Zig-Zag Soldier Uniform,£995,
Add to cart,costumes,WHIPLASH (2014),Fletcher's (J.K. Simmons) Costume,$995,
Add to cart,costumes,NORTHFORK (2003),Severed Angel Wings,£495,
Add to cart,costumes,STAR WARS: THE COMPLETE SAGA (1976-0),Figrin' D'an Bith Mask,"$1,495",
Sold Archive,costumes,MARVEL'S DAREDEVIL (2015-2018),"MARVEL TELEVISION LIVE AUCTION - Marvel's Daredevil, Marvel's Luke Cage, Marvel's Iron Fist Matt Murdock's Red First Iteration Daredevil Costume","$68,750","Sold on 12 Aug, 2019"
Add to cart,costumes,KEEP WATCHING (2017),Welding Mask,$245,
Add to cart,costumes,"6TH DAY, THE (2000)","""Weir Labs Security"" Jacket",£145,
Add to cart,costumes,ROCK THE KASBAH (2015),Merci's (Kate Hudson) Rooftop Costume,"$1,225",
Add to cart,costumes,"CHRONICLES OF RIDDICK, THE (2004)",Merc’s (Fabian Gujral) Helion Prime Costume,£595,
Add to cart,costumes,MY BLOODY VALENTINE (2009),Female Open Chest Cavity Appliance,$295,
Sold Archive,costumes,"BODYGUARD, THE (1992)","Entertainment Memorabilia Live Auction - London - 2022 Lot # 82 - Rachel Marron's (Whitney Houston) Screen-matched Complete Hero ""Queen of the Night"" Costume and Original Vac-Formed Lifecast","£50,000","Sold on 25 Oct, 2022"
Add to cart,costumes,SLAUGHTERHOUSE RULEZ (2018),Clegg's (Tom Rhys Harris) Head Boy Uniform,£295,
Add to cart,costumes,"CORE, THE (2003)",Dr. Zimsky’s (Stanley Tucci) Backpack and Boots,$575,
Add to cart,costumes,"GOOD THIEF, THE (2002)",Bob Montagnet (Nick Nolte) Costume,£175,
Add to cart,costumes,"FOUR FEATHERS, THE (2002)",Ethne Eustace's (Kate Hudson) Orange Dress,£275,
Reserved,costumes,HANCOCK (2008),Lot # 157 - John Hancock's (Will Smith) Superhero Costume,,
Add to cart,costumes,DA VINCI'S DEMONS (2013-2015),Leonardo da Vinci's (Tom Riley) Hero Costume and Accessories,"$2,295",
Add to cart,costumes,"BREAKING BAD (T.V. SERIES, 2008-2013)",Walter White's (as played by Bryan Cranston) Closet-Stored Wardrobe Set (1 of 9),"$1,295",
Sold Archive,costumes,GUARDIANS OF THE GALAXY (2014),"Entertainment Memorabilia Live Auction 2017 Peter ""Star-Lord"" Quill’s (Chris Pratt) Hero Helmet","£130,900","Sold on 18 Aug, 2017"
Add to cart,costumes,LITTLE RED RIDING HOOD (1995),Sheep Head Mask,£395,
Add to cart,costumes,PIRANHA 3D (2010),Matt Boyd's (Richard Dreyfus) Costume,"£1,295",
Add to cart,costumes,ANCHORMAN 2: THE LEGEND CONTINUES (2013),Brian Fantana's (Paul Rudd) Shirt and Tie with Brick Tamland's (Steve Carell) Shirt,$925,
Sold Archive,costumes,GLADIATOR (2000),Entertainment Memorabilia Live Auction - London - 2021 Maximus' (Russell Crowe) Arena Armour,"£68,750","Sold on 2 Nov, 2021"
Add to cart,costumes,MAJOR LEAGUE: BACK TO THE MINORS (1998),Baseball Uniform,£245,
Add to cart,costumes,EUROPA REPORT (2013),Rosa (Anamaria Marinca) Red Crew Jacket 002,$245,
Add to cart,costumes,TED 2 (2015),Rick's (Michael Dorn) Painted Worf Appliance with Eyebrows,$795,
Add to cart,costumes,DRIVE ANGRY (2011),Henchmen's Camouflage Hat,$245,
Sold Archive,costumes,ALIENS (1986),Entertainment Memorabilia Live Auction - London - 2022 Lot # 20 - Sergeant Apone's (Al Matthews) Screen-Matched USCM Armour,"£87,500","Sold on 31 Oct, 2022"
Add to cart,costumes,INDUSTRIAL LIGHT & MAGIC (ILM),20 Years' Jacket,$395,
Add to cart,costumes,EASTENDERS (1985),Peggy Mitchell's (Barbara Windsor) Red Top & Skirt,£195,
Add to cart,costumes,SKY HIGH (2005),Jetstream's (Kelly Preston) Shin Armor,$245,
Add to cart,costumes,SUPERNOVA (2000),A.J. Marley (Robert Forster) Uniform,£495,
Add to cart,costumes,TULIP FEVER (2017),Jan Van Loos's (Dane Dehann) Brown Suede Buff,$395,
Add to cart,costumes,SLAUGHTERHOUSE RULEZ (2018),Meredith's (Simon Pegg) Costume,£595,
Add to cart,costumes,EARTH: FINAL CONFLICT (1997-2002),Female Taelon Agent Costume,£295,
Add to cart,costumes,EUROPA REPORT (2013),Europa Patch Set,$195,
Add to cart,costumes,SGT. BILKO (1996),Ernest Bilko's (Steve Martin) Military Uniform,"$3,095",
Add to cart,costumes,"LEAGUE OF GENTLEMEN, THE (1999-2017)",Murray Mint's (Mark Gatiss) Costume,£395,
Sold Archive,costumes,"SHINING, THE (1980)",Entertainment Memorabilia Live Auction 2017 Jack Torrance's (Jack Nicholson) Jacket,"£73,200","Sold on 13 Sep, 2017"
Add to cart,costumes,10 CLOVERFIELD LANE (2016),Michelle's White Blouse,$495,
Add to cart,costumes,ALPHA DOG (2006),Olivia Mazursky's (Sharon Stone) Costume,£345,
Add to cart,costumes,TRAITOR (2008),Samir's (Don Cheadle) Costume Components,$325,
Add to cart,costumes,JEREMIAH (1972),Set of Patches,£145,
Add to cart,costumes,ROGUE ONE: A STAR WARS STORY (2016),Bodhi Rook (Riz Ahmed) Exhibition Costume Display,"£12,995",
Sold Archive,costumes,BATMAN RETURNS (1992),Entertainment Memorabilia Live Auction: Los Angeles 2023 Lot #33 - Batman's (Michael Keaton) Batsuit on Display,"$137,500","Sold on 30 May, 2023"
Add to cart,costumes,VAN HELSING (2016-2021),Countess Olivia von Dracula (Tricia Helfer) Dress,"£1,495",
Add to cart,costumes,MEMPHIS BELLE (1990),'Windy City' Leather Flight Jacket,"£1,495",
Add to cart,costumes,"LEAGUE OF GENTLEMEN, THE (1999-2017)",Bernice's (Reece Shearsmith) Costume,£495,
Add to cart,costumes,GIGLI (2003),Larry Gigli's (Ben Affleck) Satin Robe and Tracksuit,£395,
Add to cart,costumes,DRACULA (2013-2014),Mr Browning (Ben Miles) Order of the Dragon Temple Costume,£595,
Add to cart,costumes,BETTER CALL SAUL (2015-2022),"Hamlin, Hamlin & McGill Accessories Set",$795,
Add to cart,costumes,TIMELINE (2003),French Knight Helmet,£395,
Add to cart,costumes,"GRAND BUDAPEST HOTEL, THE (2014)",Zig-Zag Jacket and Hat,£595,
Add to cart,costumes,IN THIS HOUSE OF BREDE (1975),Sir Richard (Denis Quilley) Suit,£295,
Add to cart,costumes,GHOSTBUSTERS (1984),Promotional Jacket,£395,
Add to cart,costumes,ULTRAVIOLET (2006),Helicopter Gunner's Costume,"£1,245",
Add to cart,costumes,WHO FRAMED ROGER RABBIT (1988),Acme Jumpsuit,"£1,095",
Add to cart,costumes,ROCK THE KASBAH (2015),Nick's (Danny McBride) Club Volcan Costume,$695,
Add to cart,costumes,T2 TRAINSPOTTING (2017),Big Bear's (Tom Urie) T-Shirt,£295,
Add to cart,costumes,ULTRAVIOLET (2006),"""Yellow Pyramid"" Archministry Guard Uniform",£195,
Add to cart,costumes,JUPITER ASCENDING (2015),Caine Wise's (Channing Tatum) Gloves,"£1,295",
Add to cart,costumes,FIREFOX (1982),Purple Rank Russian Army Cap,£195,
Add to cart,costumes,"DREW CAREY SHOW, THE (1995)",Mimi's (Kathy Kinney) Pink Reptile Shirt,$275,
Add to cart,costumes,BETTER CALL SAUL (2015-2022),Jimmy McGill's (as played by Bob Odenkirk) Prototype University of American Samoa Sweatshirt,$595,
Add to cart,costumes,PRINCE OF PERSIA: THE SANDS OF TIME (2010),Prince Tus (Richard Coyle) Bodyguard Helmet,£495,
Add to cart,costumes,PROMETHEUS (2012),Space Suit Hanging Rack,£295,
Add to cart,costumes,HITCH (2005),Sara Melas' (Eva Mendes) Blouse,$445,
Add to cart,costumes,BUFFY THE VAMPIRE SLAYER (1997-2003),Green Demon Facial Application,$695,
Add to cart,costumes,DRACULA (2013-2014),R.M Renfield (Nonso Anozie) Ballroom Costume and Overcoat,£895,
Add to cart,costumes,BRAVEHEART (1995),English Soldiers Helmet,£495,
Add to cart,costumes,"LEAGUE OF GENTLEMEN, THE (1999-2017)",Phil Proctor (Mark Gatiss) Suit,£295,
Add to cart,costumes,"LAST EMPEROR, THE (1987)",Pu Yi's (Tijger Tsou) 6 Year-Old Unfinished Surcoat,£195,
Add to cart,costumes,TV COMMERCIAL,George the Bear Hofmeister Beer Advert Dressing Gown Diving Costume,£295,
Add to cart,costumes,CHARLIE BARTLETT (2007),Marilyn Bartlett's (Hope Davis) Costume,£215,
Add to cart,costumes,SABOTAGE (2014),Lizzy Murray's (Mireille Enos) Poncho Outfit,$295,
Add to cart,costumes,"NEWTON BOYS, THE (1998)",Willis Newton's (Matthew McConaughey) Costume,$995,
Sold Archive,costumes,STAR TREK: THE NEXT GENERATION (1987-1994),Entertainment Memorabilia Live Auction: London 2023 Lot #336 - Captain Jean-Luc Picard's (Patrick Stewart) Starfleet Uniform,"£62,500","Sold on 16 Oct, 2023"
Add to cart,costumes,LUCASFILM,Skywalker Ranch Jacket,£795,
Add to cart,costumes,FLUBBER (1997),Brainard Kinetic Synthetics Crew Jacket,$195,
Add to cart,costumes,ULTRAVIOLET (2006),Violet’s Yellow Stunt Waistcoat,£295,
Add to cart,costumes,"WALL, THE (2017)",Matthews' (John Cena) Bloody Tactical Gear and Handgun,"$1,095",
Add to cart,costumes,"CHRONICLES OF NARNIA, THE: THE LION, THE WITCH AND THE WARDROBE (2005)",Balding Ogre Head,£995,
Add to cart,costumes,CENTURION (2010),Drusilla (Rachel Stirling) Dress 001,£395,
Add to cart,costumes,BROKEN DIAMONDS (2021),Scott's (Ben Platt) Party Shirts,$345,
Add to cart,costumes,ELYSIUM (2013),Robot Chest Piece,$345,
Add to cart,costumes,ULTRAVIOLET (2006),Violet's (Milla Jovovich) Red Top,£495,
Add to cart,costumes,PLANET OF THE APES (2001),Chimp Gloves and Ape Feet,$425,
Add to cart,costumes,STRATTON (2016),Stratton's (Dominic Cooper) Bloody Jacket,£145,
Add to cart,costumes,TV COMMERCIAL,George the Bear's Santa Costume,£395,
Add to cart,costumes,T2 TRAINSPOTTING (2017),Renton's (Ewan McGregor) Football Kit,"£1,495",
Add to cart,costumes,"EXPENDABLES 2, THE (2012)",Expendables Team Member Tactical Vest,$645,
Add to cart,costumes,"UNBORN, THE (2009)",Sofi Kozma (Jane Alexander) Pyjamas and Dressing Gown Costume,£195,
Add to cart,costumes,"BANK JOB, THE (2008)",Martine Love's (Saffron Burrows) Patterned Shirt,£195,
Add to cart,costumes,"WHISTLEBLOWER, THE (1986)",Frank Jones' (Michael Caine) Trousers,£145,
Add to cart,costumes,IDENTITY (2003),"Rhodes' (Ray Liotta) Bloodied, Bullet-Riddled Shirt and Pants",$795,
Add to cart,costumes,KINGDOM OF HEAVEN (2005),Saladin Army Ornate Helmet,£495,
Add to cart,costumes,"GRAND BUDAPEST HOTEL, THE (2014)",Zig-Zag Squad Uniform,£995,
Add to cart,costumes,LAW & ORDER: CRIMINAL INTENT (2001),Detective Alexandra Eames (Kathryn Erbe) Costume,£495,
Add to cart,costumes,SLAUGHTERHOUSE RULEZ (2018),Willoughby's (Asa Butterfield) Principal Uniform,£495,
Add to cart,costumes,RADIO - MUSIC VIDEO,Robbie Williams Tail Rig,£395,
Add to cart,costumes,STARGATE SG-1 (1997-2007),Jaffa Guard (Efosa Otuomagie) Vambrace with Zat Gun Wrist Holster,$495,
Add to cart,costumes,STRATTON (2016),Spinks' (Jake Fairbrother) Costume,£195,
Add to cart,costumes,ALEXANDER (2004),Curved Soldier's Helmet,£395,
Sold Archive,costumes,WONDER WOMAN (2017),Entertainment Memorabilia Live Auction - London - 2022 Lot # 444 - Wonder Woman's (Gal Gadot) Tiara,"£81,250","Sold on 12 Oct, 2022"
Add to cart,costumes,EUROPA REPORT (2013),Andrei (Michael Nyqvist) Grey Shirt Costume,$175,
Add to cart,costumes,PRIMARY COLORS (1998),Richard Jemmons' (Billy Bob Thornton) Costume,£395,
Add to cart,costumes,INK MASTER (2012),Steve Tefft's Screen-Matched Clone Trooper Helmet,$995,
Add to cart,costumes,"13TH WARRIOR, THE (1999)",Hero Wendol Priest Costume,$745,
Add to cart,costumes,HOLLOW MAN (2000),Sebastian Caine's (Kevin Bacon) Mask on Bust,$845,
Add to cart,costumes,ALI (2001),Don King's (Mykelti Williamson) Silver Ring,$395,
Add to cart,costumes,PRINCE OF PERSIA: THE SANDS OF TIME (2010),Persian Braided Tail Helmet,£395,
Add to cart,costumes,EUROPA REPORT (2013),Katya (Karolina Wydra) Living Module Costume,$295,
Add to cart,costumes,ULTRAVIOLET (2006),Arch Ministry Guard Costume,£195,
Add to cart,costumes,TROY (2004),Greek Solider Chest Armour,£595,
Add to cart,costumes,ONE NIGHT IN MIAMI (2020),Sam Cooke's (Leslie Odom Jr.) Copacabana Costume,"$1,295",
Add to cart,costumes,"WEIGHT OF WATER, THE (2000)",Adaline Gunne's (Elizabeth Hurley) Dress and Confirmation Cross Necklace,$495,
Add to cart,costumes,SERENITY (2005),Alliance Guard Jumpsuit,£495,
Add to cart,costumes,"CHRONICLES OF RIDDICK, THE (2004)",Smirnov’s (Douglas Arthurs) Slam Guard Costume,£595,
Add to cart,costumes,BRIDESMAIDS (2011),Gil's (Matt Lucas) Oo-Laka Hat,$295,
Add to cart,costumes,ANNA AND THE KING (1999),Foot Soldier Costume,£145,
Add to cart,costumes,ULTRAVIOLET (2006),Armoured Guard Costume,£495,
Add to cart,costumes,ALICE THROUGH THE LOOKING GLASS (1998),White Knight's (Ian Holm) Helmet and Armour,£495,
Add to cart,costumes,SONS OF ANARCHY (2008-2014),Opie Winston's (Ryan Hurst) Costume,£775,
Add to cart,costumes,HANNIBAL RISING (2007),Father Lecter Jacket,£345,
Sold Archive,costumes,PIRATES OF THE CARIBBEAN: AT WORLD'S END (2007),Entertainment Memorabilia Live Auction: London 2023 Lot #291 - Captain Hector Barbossa's (Geoffrey Rush) Costume,"£112,500","Sold on 19 Oct, 2023"
Add to cart,costumes,"UNBORN, THE (2009)",Romy (Meagan Good) '22' Costume,£395,
Add to cart,costumes,CHARLIE AND THE CHOCOLATE FACTORY (2005),Crew Fleece,£145,
Add to cart,costumes,X-MEN (2000),Cyclop's (James Marsden) Test Paint Visor,"£1,995",
Add to cart,costumes,21 JUMP STREET (2012),Officer Tom Hanson's (Johnny Depp) Bloodied Cowboy Boots,$795,
Sold Archive,costumes,GLADIATOR (2000),Entertainment Memorabilia Live Auction: London 2023 Lot #157 - Maximus Decimus Meridius' (Russell Crowe) Arena Armour,"£150,000","Sold on 26 Oct, 2023"
Sold Archive,costumes,TERMINATOR 2: JUDGMENT DAY (1991),Entertainment Memorabilia Live Auction - London - 2022 Lot # 419 - T-800's (Arnold Schwarzenegger) Bullet-Riddled Jacket with Handwritten Linda Hamilton Letter of Authenticity,"£87,500","Sold on 11 Oct, 2022"
Add to cart,costumes,DA VINCI'S DEMONS (2013-2015),Count Girolamo Riario's (Blake Ritson) Costume,$975,
Add to cart,costumes,FRANKLYN (2008),Jonathan Preest's (Ryan Phillippe) Mask and Coat,"£1,795",
Add to cart,costumes,HAUNT (2019),Janet Morello's (Jacki Weaver) Sweater Costume,$175,
Add to cart,costumes,ULTRAVIOLET (2006),Three Sets of Unfinished Violet (Milla Jovovich) Gauntlet Gloves,£245,
Add to cart,costumes,SPY KIDS: ALL THE TIME IN THE WORLD (2011),Cecil Wilson (Mason Cook) Electromagnetic Concussion Gloves,$995,
Add to cart,costumes,JACK RYAN: SHADOW RECRUIT (2014),Jack Ryan's Wall Street Costume,$595,
Add to cart,costumes,SHOOT 'EM UP (2007),Donna's (Monica Bellucci) Garter,£295,
Add to cart,costumes,MY NAME IS EARL (2005-2009),Joy's (Jaime Pressley) Maternity Outfit,£195,
Add to cart,costumes,SAFE HOUSE (2012),Tobin Frost's (Denzel Washington) Light Purple Shirt,$595,
Add to cart,costumes,ZERO DARK THIRTY (2012),Jessica's (Jennifer Ehle) Base Outfit,$895,
Add to cart,costumes,PRIEST (2011),Complete Vampire Costume,"$1,595",
Add to cart,costumes,BETTER CALL SAUL (2015-2022),Nacho Varga (as played by Michael Mando) Diamond Patterned Shirt,"$1,295",
Add to cart,costumes,"UNBORN, THE (2009)",Mark Hardigan (Cam Gigandet) Green Jacket Costume,£395,
Add to cart,costumes,"SECRET OF MOONACRE, THE (2008)",Sir Benjamin’s Stunt Double Grey Coat and Waistcoat,£195,
Add to cart,costumes,"TRIPODS, THE (1984-1985)",Golden City Guard Oxygen Suit,£295,
Sold Archive,costumes,STAR WARS: A NEW HOPE (1977),Entertainment Memorabilia Live Auction - London - 2019 Screen-matched Tantive IV Stormtrooper Helmet,"£159,900","Sold on 6 Sep, 2019"
Add to cart,costumes,RECLAIM (2014),Benjamin's (John Cusack) Bloody Death Jacket,$795,
Add to cart,costumes,LAND OF THE LOST (2009),Sleestak Creature Costume,"£4,495",
Add to cart,costumes,AMERICAN HORROR STORY (2011-0),Set of Chen Masks,$895,
Add to cart,costumes,STAR WARS: RETURN OF THE JEDI (1983),Wicket (Warwick Davis) Ewok Fur Display,£195,
Add to cart,costumes,JACK RYAN: SHADOW RECRUIT (2014),Cathy Muller's Tribeca Bistro Costume,$395,
Sold Archive,costumes,GLADIATOR (2000),Entertainment Memorabilia Live Auction: London 2023 Lot #158 - Commodus' (Joaquin Phoenix) Screen-matched Arena Costume,"£81,250","Sold on 31 May, 2023"
Add to cart,costumes,BRIDGET JONES: THE EDGE OF REASON (2004),Bridget Jones' (Renée Zellweger) Parachute Costume,"£1,995",
Add to cart,costumes,SLAUGHTERHOUSE RULEZ (2018),Willoughby's (Asa Butterfield) Dirty Coat,£395,
Add to cart,costumes,BATTLESTAR GALACTICA (1978),Boray Costume and Mask,"£2,495",
Sold Archive,costumes,"NIGHTMARE ON ELM STREET 3, A: DREAM WARRIORS (1987)",Entertainment Memorabilia Live Auction - London - 2021 Freddy Krueger's (Robert Englund) Razor Finger Glove,"£100,000","Sold on 26 Oct, 2021"
Add to cart,costumes,UNKNOWN PRODUCTION,Ornate Medieval Helmet,£345,
Add to cart,costumes,STRATTON (2016),Hank's (Austin Stowell) Office Costume,£195,
Add to cart,costumes,SLAUGHTERHOUSE RULEZ (2018),Willoughby's (Asa Butterfield) Jogging Gear,£295,
Add to cart,costumes,13 (2010),Jefferson's (Mickey Rourke) Bloody Prison Underwear,$195,
Add to cart,costumes,DRIVEN (2001),Racing Team Crewmember's Helmet,$395,
Sold Archive,costumes,MARVEL'S DAREDEVIL (2015-2018),MARVEL TELEVISION LIVE AUCTION - Marvel's The Defenders Matt Murdock's Stunt Second Iteration Red Daredevil Suit,"$62,500","Sold on 31 Dec, 2020"
Add to cart,costumes,VANITY FAIR (2004),Becky Sharp (Reese Witherspoon) Purple Dress,£795,
Add to cart,costumes,"MAGICIANS, THE (2015-2020)",Eliot Waugh's (Hale Appleman) Bloodied Hangry Costume,$795,
Add to cart,costumes,"LEAGUE OF GENTLEMEN, THE (1999-2017)",Pop's (Steve Pemberton) Jumper and Hat,£495,
Add to cart,costumes,KING ARTHUR (2004),Bors' (Ray Winstone) Stunt Armour and Tunic,"£1,495",
Add to cart,costumes,"GRAND BUDAPEST HOTEL, THE (2014)",ZZ Death Squad Uniform,£995,
Add to cart,costumes,"CHRONICLES OF RIDDICK, THE (2004)",Slam Guard #3 SFX Costume,£395,
Add to cart,costumes,"DREW CAREY SHOW, THE (1995)",Mimi's (Kathy Kinney) Two Piece Outfit,$345,
Add to cart,costumes,"BORROWERS, THE (1998)","Ocious P. Potter’s (John Goodman) Jacket, Shirt And Belt",£195,
Add to cart,costumes,SUNSHINE (2007),Harvey (Troy Garity) Icarus I Ejection Costume,£345,
Add to cart,costumes,JUDGE DREDD (1995),Bureaucrat Costume,"$1,195",
Add to cart,costumes,SLAUGHTERHOUSE RULEZ (2018),Hargreaves' (Max Raphael) Final Costume,£195,
Sold Archive,costumes,HALLOWEEN H20: 20 YEARS LATER (1998),Entertainment Memorabilia Live Auction - London - 2022 Lot # 172 - Michael Myers' (Chris Durand) Mask,"£81,250","Sold on 27 Oct, 2022"
Add to cart,costumes,LITTLE BUDDHA (1993),Queen Maya's (Kanika Pandey) Costume Pieces,£395,
Add to cart,costumes,OUTLAND (1981),Marshall William T. O'Neil Forced Perspective Spacesuit,"£3,995",
Add to cart,costumes,ZERO DARK THIRTY (2012),C.I.A. Director's (James Gandolfini) Suit,$675,
Add to cart,costumes,FLIGHT (2012),Whip Whitaker's Hangar Costume,$595,
Add to cart,costumes,"LAST AIRBENDER, THE (2010)",Commander Zhao's (Aasif Mandvi) Waist Armour,£295,
Add to cart,costumes,BUBBLE BOY (2001),Male Bright and Shiny Costume,£145,
Sold Archive,costumes,GLADIATOR (2000),Tigris of Gaul Helmet & Storyboard Set,,
Add to cart,costumes,WHISKEY TANGO FOXTROT (2016),Tanya Vanderpoel's Hooded Coat and Pants,$425,
Add to cart,costumes,"LEGEND OF HERCULES, THE (2014)",Hercules' (Kellan Lutz) Battle Armor,"$3,445",
Add to cart,costumes,SLAUGHTERHOUSE RULEZ (2018),Clegg's (Tom Rhys Harris) Distressed Cadet Uniform,£295,
Add to cart,costumes,GLENGARRY GLEN ROSS (1992),Dave Moss' (Ed Harris) Costume,"$1,995",
Add to cart,costumes,"PACIFIC, THE (2010)","PFC Robert ""Lucky"" Leckie's (James Badge Dale) USMC Cap",£495,
Add to cart,costumes,CHILDREN OF MEN (2006),Theo's (Clive Owen) Green Shirt,£345,
Add to cart,costumes,STRATTON (2016),Stratton's (Dominic Cooper) Costume,£395,
Add to cart,costumes,HOLLYWOODLAND (2006),George Reeve's (Ben Affleck) Vintage Blue-Gray Sport Shirt,$395,
Add to cart,costumes,"GUNMAN, THE (2015)",Felix's (Javier Bardem) Shirt,£295,
Add to cart,costumes,TERMINATOR 3: RISE OF THE MACHINES (2003),Kate Brewster's (Claire Danes) Top,£395,
Add to cart,costumes,"LEAGUE OF GENTLEMEN, THE (1999-2017)",Les McQueen (Mark Gatiss) Costume,£595,
Add to cart,costumes,AEON FLUX (2005),Bregna Guard Costume,£995,
Add to cart,costumes,"UNBORN, THE (2009)",Romy's (Meagan Good) Scarf Costume,£495,
Add to cart,costumes,INTERNATIONAL VELVET (1978),Sarah Velvet Brown's (Tatum O'Neal) Riding Hat,£695,
Add to cart,costumes,MAN ON THE MOON (1999),New York City Rockettes Costume,$495,
Add to cart,costumes,HALF LIGHT (2006),Rachel Carlson's (Demi Moore) Pyjamas,£295,
Add to cart,costumes,SLAUGHTERHOUSE RULEZ (2018),Willoughby's (Asa Butterfield) Clean Coat,£395,
Add to cart,costumes,"GOOD LIE, THE (2014)",Mamere's (Arnold Oceng) Jacket and Shirt,$895,
Add to cart,costumes,"UNBORN, THE (2009)",Romy (Meagan Good) White Hooded Top Costume,£495,
Add to cart,costumes,"CHRONICLES OF NARNIA, THE: THE LION, THE WITCH AND THE WARDROBE (2005)",Faun Ear Rig,$175,
Add to cart,costumes,SGT. BILKO (1996),John Hall's (Dan Aykroyd) Military Uniform,"$1,495",
Add to cart,costumes,CLOVERFIELD (2008),Beth's (Odette Annable) Pajamas,$445,
Add to cart,costumes,"PACIFIC, THE (2010)",Cpl. Ruddiger (Craig Ball) Shirt,£145,
Add to cart,costumes,THIS IS 40 (2012),Pete's (Paul Rudd) Cycling Glasses,$275,
Add to cart,costumes,THE BIG BANG THEORY (2007-2019),Background Chimp and Ape Mask Set,$595,
Sold Archive,costumes,"DARK KNIGHT RISES, THE (2012)",Entertainment Memorabilia Live Auction 2016 Batman's Batsuit,"£192,000","Sold on 10 Aug, 2016"
Add to cart,costumes,JUDGING AMY (1999-2005),Amy Gray's (Amy Brenneman) Coat,£295,
Add to cart,costumes,WAITING TO EXHALE (1995),Bernadine Harris' (Angela Bassett) Carnival Mask,$345,
Add to cart,costumes,ULTRAVIOLET (2006),Pilot Gunner Costume,£995,
Add to cart,costumes,ULTRAVIOLET (2006),Helicopter Co-Pilot's Costume,£395,
Add to cart,costumes,BATMAN V SUPERMAN: DAWN OF JUSTICE (2016),Iron Heights Penitentiary Cap,£195,
Sold Archive,costumes,AVP: ALIEN VS. PREDATOR (2004),Scar Predator (Ian Whyte) Creature Costume,,
Add to cart,costumes,BURKE & HARE (2010),Captain Tam McLintoch's (Ronnie Corbett) Jacket,£995,
Add to cart,costumes,SHANGHAI KNIGHTS (2003),Roy O'Bannon (Owen Wilson) Waiter Costume,£545,
Add to cart,costumes,STRATTON (2016),Stratton's (Dominic Cooper) Wetsuit,£295,
Sold Archive,costumes,GLADIATOR (2000),Entertainment Memorabilia Live Auction - London - 2021 Maximus' (Russell Crowe) Arena Helmet and Mask,"£225,000","Sold on 1 Nov, 2021"
Add to cart,costumes,"RECRUIT, THE (2003)",Walter Burke's (Al Pacino) Shirts,$995,
Add to cart,costumes,MISSION TO MARS (2000),Woody Blake's (Tim Robbins) NASA Utility Belt,$325,
Sold Archive,costumes,JURASSIC WORLD DOMINION (2022),Entertainment Memorabilia Live Auction: Los Angeles 2023 Lot #262 - Sam Neill Collection: Dr. Alan Grant's (Sam Neill) Hat,"$112,500","Sold on 30 May, 2023"
Add to cart,costumes,EVIE (2021),Prosthetic Faces and Hands,£495,
Add to cart,costumes,PASSENGERS (2016),Aurora Lane's (Jennifer Lawrence) Blouse with Shoes,"$2,495",
Add to cart,costumes,LOOPER (2012),Old Joe's (Bruce Willis) Dirty Prisoner Jacket,"$1,495",
Add to cart,costumes,2012 (2009),Jackson Curtis' (John Cusack) Hero Costume,$995,
Add to cart,costumes,KINGDOM OF HEAVEN (2005),Christian Army Helmet,£495,
Add to cart,costumes,NIGHTCRAWLER (2014),Joe Loder's (Bill Paxton) Mayhem Video Costume,$595,
Add to cart,costumes,NORTHFORK (2003),Pair Of Happys Wood Hand Gloves,£195,
Add to cart,costumes,STARSHIP TROOPERS (1997),Male Soldier Shirt,£495,
Add to cart,costumes,INDIANA JONES AND THE LAST CRUSADE (1989),Orignal SFX Breakdown - Ape Suit,£195,
Add to cart,costumes,"DREW CAREY SHOW, THE (1995)",Mimi's (Kathy Kinney) Neon Tassel Muumuu Dress,$245,
Add to cart,costumes,12 MONKEYS (1995),James Cole's (Bruce Willis) Hawaiian Shirt,"$2,475",
Add to cart,costumes,THE BIG BANG THEORY (2007-2019),Leonard's (Johnny Galecki) Chimp Mask,"$1,995",
Add to cart,costumes,"EXPENDABLES, THE (2010)",Yin Yang's (Jet Li) Motorcycle Helmet,$645,
Add to cart,costumes,SURROGATES (2009),Neck Appliance With Wig,$495,
Add to cart,costumes,SCOUTS GUIDE TO THE ZOMBIE APOCALYPSE (2015),Ron's Janitor Shirt,$195,
Add to cart,costumes,"BOAT THAT ROCKED, THE (2009)",Gavin's (Rhys Ifans) Pin Stripe Suit,£295,
Add to cart,costumes,"EAGLE HAS LANDED, THE (1976)",Colonel Radl's (Robert Duvall) Trousers,£695,
Add to cart,costumes,"ISLAND, THE (2005)",Female Agnate Costume,$895,
Add to cart,costumes,"AMAZING PANDA ADVENTURE, THE (1995)","Ernie Panda Inner Body, Fur Suit and Head Set",$995,
Add to cart,costumes,13 HOURS: THE SECRET SOLDIERS OF BENGHAZI (2016),Flak Jacket,$395,
Add to cart,costumes,"LEAGUE OF GENTLEMEN, THE (1999-2017)",Mike Harris' (Steve Pemberton) Costume,£395,
Add to cart,costumes,ULTRAVIOLET (2006),Violet's Stunt Top,£395,
Sold Archive,costumes,ALIENS (1986),Entertainment Memorabilia Live Auction - Los Angeles 2022 Lot # 12 - Pvt. Frost's (Ricco Ross) Photo-Matched U.S. Colonial Marines Armor Costume and Corporal Dietrich's (Cynthia Dale Scott) USCM Ab Armor,"$87,500","Sold on 24 May, 2022"
Add to cart,costumes,KINGDOM OF HEAVEN (2005),Saladin Infantry Helmet,£275,
Add to cart,costumes,UNWELCOME (2022),Goblin Head,£445,
Add to cart,costumes,DRIVE ANGRY (2011),Milton's (Nicolas Cage) Stunt Jacket and Jeans,£395,
Add to cart,costumes,INTERVIEW WITH THE VAMPIRE (1994),Santiago's (Stephen Rea) Contact Lenses,$695,
Add to cart,costumes,"UNBORN, THE (2009)",Mark Hardigan (Cam Gigandet) Costume,£395,
Add to cart,costumes,BATMAN FOREVER (1995),Silver Skull Patch,£395,
Add to cart,costumes,MISSION: IMPOSSIBLE (1996),Claire Phelps' (Emmanuelle Béart) Firefighter Uniform,£895,
Sold Archive,costumes,HALLOWEEN: RESURRECTION (2002),Entertainment Memorabilia Live Auction - London - 2021 Michael Myers' (Brad Loree) Mask,"£62,500","Sold on 19 Oct, 2021"
Add to cart,costumes,SCARY MOVIE (2000),Dalai Lama Costume,$245,
Add to cart,costumes,FACE/OFF (1997),Prison Officer's Jumpsuit,£895,
Add to cart,costumes,PRIMARY COLORS (1998),Libby Holden's (Kathy Bates) Costume,£395,
Add to cart,costumes,"WOMAN IN BLACK 2: ANGEL OF DEATH, THE (2015)",Eve's (Phoebe Fox) Hero Necklace and Watch,£695,
Sold Archive,costumes,SCREAM 2 (1997),Entertainment Memorabilia Live Auction: Los Angeles 2023 Lot #338 - Wes Craven and Chris Durand-Autographed Ghostface Robe,"$75,000","Sold on 30 May, 2023"
Add to cart,costumes,ZERO DARK THIRTY (2012),Maya (Jessica Chastain) Undercover Poland Outfit,$895,
Add to cart,costumes,DARK IS RISING (2007),Miss Greythorn (Francis Conroy) Costume,£245,
Add to cart,costumes,X2: X-MEN UNITED (2003),Soldier Camos,£145,
Add to cart,costumes,REIGN OF FIRE (2002),"Jefferson's (David Garrick) Archangel Skydiving Costume, Helmet and Bolas Gun","$1,795",
Add to cart,costumes,"FOUR FEATHERS, THE (2002)",Ethne Eustace's (Kate Hudson) Shawl and Skirt,£275,
Add to cart,costumes,STAR TREK INTO DARKNESS (2013),Sexy Twin Ear Appliances,$295,
Add to cart,costumes,GRIMM (2011-2017),Nick Burkhardt's (David Giuntoli) Shirt,$245,
Add to cart,costumes,EARTH: FINAL CONFLICT (1997-2002),Taelon Bridge Costume,£135,
Add to cart,costumes,RECLAIM (2014),Benjamin's (John Cusack) Muddy Outfit,"$1,245",
Add to cart,costumes,ASSASSIN'S CREED (2016),Moussa's (Michael Kenneth Williams) Belt,£145,
Add to cart,costumes,"GRAND BUDAPEST HOTEL, THE (2014)",Militia Officers Uniform,£995,
Add to cart,costumes,LITTLE RED RIDING HOOD (1995),Deer Head,£395,
Add to cart,costumes,SCARY MOVIE 5 (2013),Screaming Mama (Scot Nery) Mask,$495,
Sold Archive,costumes,STAR WARS: THE EMPIRE STRIKES BACK (1980),Entertainment Memorabilia Live Auction 2015 Stormtrooper Helmet,"£76,700","Sold on 18 Sep, 2015"
Sold Archive,costumes,CAPTAIN AMERICA: THE FIRST AVENGER (2011),Entertainment Memorabilia Live Auction 2018 Captain America's (Chris Evans) Distressed Army Rescue Costume,"£49,200","Sold on 31 Aug, 2018"
Add to cart,costumes,CHICAGO CODE (2011),Caleb Evers (Matt Lauria) Costume,£145,
Add to cart,costumes,"PACIFIC, THE (2010)",Sidney Phillips's (Ashton Holmes) USMC Ring,£245,
Add to cart,costumes,BAD TEACHER (2011),Elizabeth Halsey's (Cameron Diaz) Outfit,$745,
Add to cart,costumes,MARVEL'S DAREDEVIL (2015-2018),Pair of Matt Murdock's Suits with Shirts and Ties,$595,
Reserved,costumes,UNWELCOME (2022),Goblin Head,,
Add to cart,costumes,"SARAH JANE ADVENTURES, THE (2007-2020)",Bubble Shock Factory Uniform,£195,
Add to cart,costumes,JACK THE GIANT SLAYER (2013),Stunt Rig with Leather Armour,£195,
Add to cart,costumes,HELLBOY II: THE GOLDEN ARMY (2008),King Balor’s (Roy Dotrice) Antler Headpiece,"£2,995",
Add to cart,costumes,BETTER CALL SAUL (2015-2022),Madrigal Intermodal Warehouse Hardhat and Safety Vest,$695,
Add to cart,costumes,PREDATORS (2010),Stans' (Walton Goggins) Prison Jumpsuit,£995,
Add to cart,costumes,ALEXANDER (2004),Scaled Persian Helmet,£295,
Add to cart,costumes,JACK AND THE BEANSTALK (2009),The Giant's (James Earl Jones) Hands,$345,
Sold Archive,costumes,WARCRAFT (2016),Warcraft Online Auction Lot # 566 - Warcraft Auction - King Llane's (Dominic Cooper) Battle Armor with Shield,"$73,800","Sold on 14 May, 2018"
Add to cart,costumes,EUROPA REPORT (2013),Katya (Karolina Wydra) Crew Lounge Costume,$175,
Add to cart,costumes,"GOLDEN COMPASS, THE (2007)",Tartar Soldiers Costume,£495,
Add to cart,costumes,HOLLOW MAN (2000),Sebastian Caine's (Kevin Bacon) Face Mask,£595,
Sold Archive,costumes,"FIFTH ELEMENT, THE (1997)",Entertainment Memorabilia Live Auction - London - 2021 Leeloo's (Milla Jovovich) Costume Display,"£56,250","Sold on 8 Nov, 2021"
Add to cart,costumes,"CHRONICLES OF RIDDICK, THE (2004)",Kyra Stunt Top & Trousers,£495,
Add to cart,costumes,JACK RYAN: SHADOW RECRUIT (2014),Jack Ryan's New York Streets Costume,$595,
Add to cart,costumes,DUNE (2000),Atreides Officer Costume,£395,
Add to cart,costumes,G.I. JOE: THE RISE OF COBRA (2009),Sand Camouflage Uniform,£295,
Add to cart,costumes,WING COMMANDER (1999),Engineer's Vest and Jumper,£195,
Sold Archive,costumes,ELF (2003),Entertainment Memorabilia Live Auction - London - 2021 Buddy's (Will Ferrell) Hero Elf Costume,"£218,750","Sold on 21 Oct, 2021"
Add to cart,costumes,KNIVES OUT (2019),Benoit Blanc (Daniel Craig) Costume,£695,
Add to cart,costumes,JACK OF ALL TRADES (2000),Emilia Rothschild's (Angela Dotchin) Photo Double Football Costume,$495,
Add to cart,costumes,"EXPENDABLES 2, THE (2012)",Toll Road's (Randy Couture) Tactical Vest with Bullet Hit,$995,
Add to cart,costumes,"HITCHHIKER'S GUIDE TO THE GALAXY, THE (2005)",Metallic Priest Tunic,$345,
Sold Archive,costumes,MARVEL'S DAREDEVIL (2015-2018),"MARVEL TELEVISION LIVE AUCTION - Marvel's Daredevil, Marvel's Luke Cage, Marvel's Iron Fist Matt Murdock's First Iteration Daredevil Costume","$68,750","Sold on 12 Aug, 2019"
Add to cart,costumes,EUROPA REPORT (2013),Katya (Karolina Wydra) Silver Stud Earrings,$195,
Add to cart,costumes,"EXPENDABLES 2, THE (2012)",Hale Caesar's (Terry Crews) Tactical Vest and Holster,"$1,245",
Sold Archive,costumes,PIRATES OF THE CARIBBEAN: AT WORLD'S END (2007),Jack Sparrow's (Johnny Depp) Complete Pirate Costume Display,,
Add to cart,costumes,HOLLOW MAN (2000),Sebastian Caine's (Kevin Bacon) Melting Facial Appliance,$895,
Sold Archive,costumes,SUPERMAN FRANCHISE (1978-1987),Entertainment Memorabilia Live Auction - London - 2022 Lot # 406 - Superman's (Christopher Reeve) Complete Costume,"£312,500","Sold on 4 Oct, 2022"
Add to cart,costumes,BETTER CALL SAUL (2015-2022),"Madrigal Intermodal Warehouse Hardhat, Mug, Safety Vest, and Red Water Bottle",$845,
Reserved,costumes,GEMINI MAN (2019),Junior's Hat and Additional Accessories,,
Add to cart,costumes,PRIEST (2011),Hick's (Cam Gigandet) Bloodied Costume,"$1,775",
Add to cart,costumes,ULTRAVIOLET (2006),Violet’s Blue Stunt Waistcoat,£295,
Add to cart,costumes,BATMAN V SUPERMAN: DAWN OF JUSTICE (2016),Gotham City University Jumper,£295,
Add to cart,costumes,BROKEN DIAMONDS (2021),Scott's (Ben Platt) Finale Shirts,$195,
Add to cart,costumes,DARK IS RISING (2007),Dawson (James Cosmo) Costume,£245,
Add to cart,costumes,DIE ANOTHER DAY (2002),Vic Armstrong's Stunts Incorporated Crew Jacket,£495,
Add to cart,costumes,ZERO DARK THIRTY (2012),George's (Mark Strong) Grey Suit,$495,
Add to cart,costumes,INSPECTOR GADGET (1999),Prototype Inspector Gadget Stetson Fedora,$595,
Add to cart,costumes,SAW III (2006),Dr. Lawrence Gordon's Button-up Shirt,$495,
Add to cart,costumes,"MUMMY, THE (2017)",Underwater Mummy Bust,"£1,495",
Add to cart,costumes,"LAST EMPEROR, THE (1987)",Chen Pao Chen's (Victor Wong) Blue Quilted Surcoat,£495,
Add to cart,costumes,ZERO DARK THIRTY (2012),Jessica's (Jennifer Ehle) Blue Dress,$425,
Add to cart,costumes,STAR TREK INTO DARKNESS (2013),Cask Alien Mask Applaince,"$1,395",
Sold Archive,costumes,EXCALIBUR (1981),Entertainment Memorabilia Live Auction 2017 Merlin's (Nicol Williamson) Robe and Helmet,"£91,500","Sold on 10 Aug, 2017"
Add to cart,costumes,27 DRESSES (2008),Geri Halliwell-donated Dress,£995,
Add to cart,costumes,"FOUR FEATHERS, THE (2002)",Ethne Eustace's (Kate Hudson) Blue Jacket and Striped Skirt,£275,
Add to cart,costumes,MOCKING THE COSMOS (1992),Alien Cap and Hand Set,$295,
Add to cart,costumes,WHISKEY TANGO FOXTROT (2016),Kim Baker's Teal Jacket,$295,
Add to cart,costumes,JUDGE DREDD (1995),Costume Design Artwork Set,"£1,495",
Add to cart,costumes,54 (1998),Steve Rubell's (Mike Myers) Sideburn Appliances,$195,
Sold Archive,costumes,"AMERICAN WEREWOLF IN LONDON, AN (1981)",Entertainment Memorabilia Live Auction - London - 2021 Rick Baker-created Screen-matched Mutant Nazi Warmonger Mask and Helmet,"£75,000","Sold on 8 Nov, 2021"
Add to cart,costumes,UNKNOWN PRODUCTION,Planet Hollywood Myrtle Beach Jacket,£129,
Add to cart,costumes,HAUNT (2019),Emily Asher's (Ione Skye) Moving Costume,$345,
Add to cart,costumes,HUBIE HALLOWEEN (2020),Adult's Shrunken Head Costume,$995,
Add to cart,costumes,ELLA ENCHANTED (2004),Elf Costume,£215,
Add to cart,costumes,VARIOUS PRODUCTIONS,Orinoco's Scarf,£295,
Add to cart,costumes,SCOUTS GUIDE TO THE ZOMBIE APOCALYPSE (2015),Scout Leader Rogers' Torn Uniform Shirt,$445,
Add to cart,costumes,BROKEN DIAMONDS (2021),Cindy's (Lola Kirke) After-Party Pajamas,$425,
Add to cart,costumes,"CHRONICLES OF RIDDICK, THE (2004)",Merc’s (Ty Olsson) Costume,£595,
Sold Archive,costumes,"MATRIX RELOADED, THE (2003)",Entertainment Memorabilia Live Auction - London - 2020 Neo's (Keanu Reeves) Complete Costume,"£62,500","Sold on 23 Nov, 2020"
Add to cart,costumes,T2 TRAINSPOTTING (2017),Spud's (Ewen Bremner) Hawaiian Shirt,£395,
Add to cart,costumes,AVENUE Q,Princeton Wedding Nightmare Suit Puppet,£495,
Add to cart,costumes,UNKNOWN PRODUCTION,Roman Infantry Armour Pieces,£195,
Add to cart,costumes,SLAUGHTERHOUSE RULEZ (2018),Butler's (Alan Drake) Terrafrack Costume,£195,
Add to cart,costumes,MIGHTY JOE YOUNG (1998),Large 'Big Joe' Head Skin,$745,
Add to cart,costumes,BROKEN DIAMONDS (2021),Scott's (Ben Platt) Button-Up Shirt and Distressed Jacket,$245,
Add to cart,costumes,PRINCE OF PERSIA: THE SANDS OF TIME (2010),Persian Soldier Costume,£495,
Add to cart,costumes,BROKEN DIAMONDS (2021),Cookie's (Yvette Nicole Brown) Costume,$195,
Add to cart,costumes,"UNBORN, THE (2009)",Mark Hardigan (Cam Gigandet) Club Costume,£395,
Add to cart,costumes,ALLY MCBEAL (1997),Renee Raddick's (Lisa Nicole Carson) Suit,£215,
Add to cart,costumes,13 (2010),Ronald Bagges (Ray Winstone) Costume,$295,
Add to cart,costumes,BROKEN DIAMONDS (2021),Scott's (Ben Platt) Therapy Office Costume,$245,
Sold Archive,costumes,TOP GUN (1986),"Entertainment Memorabilia Live Auction - London - 2020 Pete ""Maverick"" Mitchell's (Tom Cruise) Bomber Jacket","£50,000","Sold on 23 Nov, 2020"
Add to cart,costumes,"FIVE-YEAR ENGAGEMENT, THE (2012)",Professor Winton Childs' (Rhys Ifans) Glasses,$195,
Add to cart,costumes,DEAL OF THE CENTURY (1983),Ray's (Gregory Hines) Flight Helmet,"$1,745",
Add to cart,costumes,EUROPA REPORT (2013),Rosa (Anamaria Marinca) Red Crew Jacket 003,$245,
Add to cart,costumes,"CHRONICLES OF RIDDICK, THE (2004)",Slam Guard “Grigorev” (Raoul Ganeev) Costume,£495,
Add to cart,costumes,"TRIPODS, THE (1984-1985)",Mine Guard Uniform,£295,
Add to cart,costumes,FLIGHT (2012),Whip Whitaker's Crash Site Costume,$475,
Add to cart,costumes,SUPERMAN III (1983),Hand-drawn Opening Sequence Storyboard Binder,"$4,445",
Add to cart,costumes,ULTRAVIOLET (2006),Violet's Stunt Jacket,£495,
Add to cart,costumes,SUPERNOVA (2000),Uniform Gillet,£175,
Add to cart,costumes,BAND OF BROTHERS (2001),Peas Pattern Poncho and Cap,£295,
Add to cart,costumes,10 CLOVERFIELD LANE (2016),Michelle's Flower Print Top,$495,
Add to cart,costumes,INDIANA JONES AND THE TEMPLE OF DOOM (1984),Palace Servant Costume,"£1,995",
Sold Archive,costumes,TRON (1982),Entertainment Memorabilia Live Auction 2017 Sark's (David Warner) Grid Costume,"£85,400","Sold on 18 Aug, 2017"
Add to cart,costumes,JACK RYAN: SHADOW RECRUIT (2014),Jack Ryan's Moscow Restaurant Costume,$625,
Add to cart,costumes,"UNBORN, THE (2009)",Romy's (Meagan Good) Club Costume,£295,
Add to cart,costumes,FRANKLYN (2008),Meanwhile City Cleric 'LAH 1W7' Costume,£895,
Add to cart,costumes,"GOLDEN COMPASS, THE (2007)",Jordan College Professor Robes,£195,
Add to cart,costumes,JOHNNY ENGLISH (2003),Johnny's (Rowan Atkinson) Shirt,£295,
Add to cart,costumes,BASIC (2003),Master Sergeant Nathan West's (Samuel L. Jackson) Costume,£595,
Add to cart,costumes,ROSWELL (1999-2002),Traci's (Linda Pine) Wedding Dress,£495,
Add to cart,costumes,OBSESSED (2009),Lisa Sheridan's (Ali Larter) Overcoat,$445,
Add to cart,costumes,DUNE (2000),House Atreides Officer Uniform,$240,
Add to cart,costumes,STAR TREK: DEEP SPACE NINE (1993-1999),Male Promenade Alien Costume,£295,
Add to cart,costumes,SAW (2004),Paul Leahy's (Mike Butters) Bloody Boxers,$695,
Add to cart,costumes,REIGN OF FIRE (2002),Ajay's (Alexander Siddig) Shirt,£145,
Add to cart,costumes,27 DRESSES (2008),Naomi Campbell's Donated Gold Sequined Dress,£995,
Add to cart,costumes,TV COMMERCIAL,George the Bear Hofmeister Beer Advert Yellow Costume,£295,
Add to cart,costumes,ALL THE KING'S MEN (2006),Jack Burden's (Jude Law) Costume,£215,
Add to cart,costumes,SLAUGHTERHOUSE RULEZ (2018),Meredith's (Simon Pegg) Clean Pyjamas,£495,
Sold Archive,costumes,MARVEL'S DAREDEVIL (2015-2018),"MARVEL TELEVISION LIVE AUCTION - Marvel's Daredevil, Marvel's Luke Cage, Marvel's Iron Fist Matt Murdock's Red Daredevil Costume","$81,250","Sold on 12 Aug, 2019"
Add to cart,costumes,STAR TREK: VOYAGER (1995-2001),Female Qomar Dignitary (Karen Washington) Costume,£295,
Add to cart,costumes,LEGENDS OF THE FALL (1994),Tristan Ludlow's (Brad Pitt) World War I Costume,"$5,925",
Add to cart,costumes,A.I. ARTIFICIAL INTELLIGENCE (2001),Police Swat Team Cap,£395,
Add to cart,costumes,HAUNT (2019),Demon Creature's (Kasia Kowalczyk) Costume,$445,
Add to cart,costumes,ALI G INDAHOUSE (2002),'East Staines Massiv' Costume,£295,
Add to cart,costumes,GEMINI MAN (2019),Junior's Catacombs Fight Costume and Accessories,$695,
Add to cart,costumes,"LEAGUE OF GENTLEMEN, THE (1999-2017)",Gordon's (Mark Gatiss) Costume,£395,
Add to cart,costumes,SLAUGHTERHOUSE RULEZ (2018),Woody's (Nick Frost) Costume,£495,
Add to cart,costumes,GULLIVER'S TRAVELS (2010),Lemuel Gulliver's (Jack Black) Mailroom ID,£245,
Add to cart,costumes,STARGATE SG-1 (1997-2007),Jaffa Arm Armour,£295,
Add to cart,costumes,STAR TREK: ENTERPRISE (2001-2005),Novan Girl Costume,£215,
Add to cart,costumes,PRIVATES ON PARADE (1983),Major Giles Flack's (John Cleese) Jungle Fatigue Jacket,£495,
Add to cart,costumes,BRIDESHEAD REVISITED (2008),Lord Marchmain's (Michael Gambon) Suit,£295,
Add to cart,costumes,"BANK JOB, THE (2008)",Martine Love's (Saffron Burrows) Floral Shirt and Green Suit,£195,
Add to cart,costumes,LOVE ACTUALLY (2003),Pair of Bridesmaids Dresses,£595,
Add to cart,costumes,SPARTACUS (2010-2013),Lucretia's (Lucy Lawless) Dress,"£2,495",
Sold Archive,costumes,HARRY POTTER AND THE CHAMBER OF SECRETS (2002),Entertainment Memorabilia Live Auction: Los Angeles 2023 Lot #206 - Harry Potter's (Daniel Radcliffe) Distressed Costume with Glasses,"$100,000","Sold on 30 May, 2023"
Add to cart,costumes,"CHRONICLES OF NARNIA, THE: PRINCE CASPIAN (2008)",Satyr Mask - Grey Hair and Arched Horns,"$2,125",
Add to cart,costumes,PATTON (1970),George Patton (George C. Scott) Nose Appliance,$795,
Add to cart,costumes,BLADE: TRINITY (2004),Abigail Whistler's (Jessica Biel) Costume,"$4,445",
Add to cart,costumes,DIE ANOTHER DAY (2002),Glacier Unit Crew Fleece Jacket,£145,
Add to cart,costumes,MIGHTY MORPHIN' POWER RANGERS (1993-1995),Lanterra (Mike Reynolds) Monster Costume Display,"$2,795",
Add to cart,costumes,SWIMFAN (2002),Ben (Jesse Bradford) Hospital costume,£195,
Add to cart,costumes,SCOUTS GUIDE TO THE ZOMBIE APOCALYPSE (2015),Rogers' Distressed Scout Costume,$495,
Add to cart,costumes,ULTRAVIOLET (2006),White Guard Costume,£645,
Add to cart,costumes,ZERO DARK THIRTY (2012),Jessica's (Jennifer Ehle) Damaged Blue Dress,$495,
Add to cart,costumes,JACK RYAN: SHADOW RECRUIT (2014),Jack Ryan's White House Costume,$645,
Add to cart,costumes,WHISKEY TANGO FOXTROT (2016),Kim Baker's Long-Sleeve Blue Shirt,$295,
Add to cart,costumes,TV COMMERCIAL,George the Bear Hofmeister Beer Advert Jockey Costume,£295,
Add to cart,costumes,CHARLIE'S ANGELS: FULL THROTTLE (2003),Stunt Motor Cross Costume,£135,
Add to cart,costumes,"UNBORN, THE (2009)",Matty's (Atticus Shaffer) Blue Jacket,£295,
Add to cart,costumes,ALICE'S ADVENTURES IN WONDERLAND (1972),The March Hare's (Peter Sellers) Trousers,£495,
Add to cart,costumes,"UNBORN, THE (2009)",Casey Beldon (Odette Yustman) Grey Jacket Costume,£595,
Add to cart,costumes,MISSION TO MARS (2000),Set of Patches,£345,
Add to cart,costumes,"EXPENDABLES 2, THE (2012)","Billy ""The Kid"" Timmons (Liam Hemsworth) Tactical Vest",$825,
Add to cart,costumes,SCOUTS GUIDE TO THE ZOMBIE APOCALYPSE (2015),Carter's Distressed Tee and Scout Vest,$595,
Add to cart,costumes,NIGHTCRAWLER (2014),Joe Loder's (Bill Paxton) Bloody Costume,"$1,045",
Sold Archive,costumes,"LAST SAMURAI, THE (2003)",Entertainment Memorabilia Live Auction 2015 Katsumoto's (Ken Watanabe) Complete Samurai Costume,"£48,000","Sold on 15 Sep, 2015"
Add to cart,costumes,ALI (2001),Don King's (Mykelti Williamson) Faux Watch,$695,
Add to cart,costumes,FASTER (2010),Driver's (Dwayne Johnson) Hero Bloody Costume,"$1,245",
Add to cart,costumes,"JAMES BOND: LIVING DAYLIGHTS, THE (1987)",Russian Soldier's Camouflage Uniform,£495,
Add to cart,costumes,DUNE (2000),Atreides Soldier Uniform,£295,
Sold Archive,costumes,JAMES BOND: NO TIME TO DIE (2021),Entertainment Memorabilia Live Auction: London 2023 Lot #222 - James Bond's (Daniel Craig) Tuxedo,"£75,000","Sold on 20 Oct, 2023"
Add to cart,costumes,ZERO DARK THIRTY (2012),Maya's (Jessica Chastain) Black Suit with Jewelry and Accessories,"$1,245",
Sold Archive,costumes,BLADE (1998),Entertainment Memorabilia Live Auction - London - 2022 Lot # 78 - Blade's (Wesley Snipes) Screen-matched Costume and Hero Daywalker Sword Display,"£50,000","Sold on 19 Oct, 2022"
Add to cart,costumes,CENTURION (2010),Drusilla's (Rachel Stirling) Wine Soaked Dress,£295,
Add to cart,costumes,SLAUGHTERHOUSE RULEZ (2018),Woody's (Nick Frost) Final Costume,£495,
Add to cart,costumes,SLAUGHTERHOUSE RULEZ (2018),Terrafrack Boss' (Alex Macqueen) Costume,£195,
Add to cart,costumes,SPY KIDS: ALL THE TIME IN THE WORLD (2011),Cecil Wilson (Mason Cook) Stompers,"$1,295",
Add to cart,costumes,BATTLESTAR GALACTICA (1978),Ovion Mask and Costume Pieces,"£4,995",
Add to cart,costumes,JACK RYAN: SHADOW RECRUIT (2014),Jack Ryan's Movie Theater Costume,$595,
Add to cart,costumes,ROCK THE KASBAH (2015),Richie Lanz's (Bill Murray) Afghan Star Costume,$545,
Sold Archive,costumes,STAR TREK: THE ORIGINAL SERIES (1966-1969),Entertainment Memorabilia Live Auction - London - 2019 Spock's (Leonard Nimoy) Science Officer Costume,"£61,500","Sold on 13 Sep, 2019"
Add to cart,costumes,SLAUGHTERHOUSE RULEZ (2018),Meredith's (Simon Pegg) Shirt,£295,
Add to cart,costumes,"CHRONICLES OF RIDDICK, THE (2004)",Necromonger Helmet and Facemask,£495,
Add to cart,costumes,SLAUGHTERHOUSE RULEZ (2018),Willoughby's (Asa Butterfield) Spare Vest,£195,
Add to cart,costumes,"I, ROBOT (2004)",Robot Stand In Chest Lights,£145,
Sold Archive,costumes,"LOST BOYS, THE (1987)","Entertainment Memorabilia Live Auction - Los Angeles 2022 Lot # 230 - Paul (Brooke McCarter), David (Kiefer Sutherland), Dwayne (Billy Wirth), and Marko's (Alex Winter) Vampire Jackets","$118,750","Sold on 24 May, 2022"
Add to cart,costumes,"LIFE OF DAVID GALE, THE (2003)",Bitsey Bloom's (Kate Winslet) Costume,£295,
Add to cart,costumes,DOOM (2005),Destroyer's (Deobia Oparei) Jumpsuit,£595,
Add to cart,costumes,SCARY MOVIE 5 (2013),Mama (Scot Nery) Mask,$495,
Add to cart,costumes,JACK RYAN: SHADOW RECRUIT (2014),Cathy's Hospital Rehab Shirt and Coat,$395,
Add to cart,costumes,"MATRIX REVOLUTIONS, THE (2003)",Patterned Zionite APU Pilot Tunic,$695,
Add to cart,costumes,ALIEN NATION (1989-1990),Tenctonese Newcomer Head Appliance,$395,
Add to cart,costumes,STAR TREK INTO DARKNESS (2013),Lady Ayt Appliance,"$1,095",
Add to cart,costumes,ZERO DARK THIRTY (2012),Maya (Jessica Chastain) Casual Outfit,$745,
Add to cart,costumes,MR. SATURDAY NIGHT (1992),Buddy Young Jr.'s (Billy Crystal) Tuxedo Shirt,$195,
Add to cart,costumes,ULTRAVIOLET (2006),Incomplete Pilot Gunner Costume,£695,
Add to cart,costumes,ENTRAPMENT (1999),Mac Stunt Double (Gabe Cronnelly) Diving Suit,£495,
Sold Archive,costumes,STAR WARS: THE EMPIRE STRIKES BACK (1980),Entertainment Memorabilia Live Auction - Los Angeles 2022 Lot # 397 - N.J. Farmer Darth Vader Touring Costume,"$100,000","Sold on 24 May, 2022"
Add to cart,costumes,BROKEN DIAMONDS (2021),Scott's (Ben Platt) Move-In Costume,$345,
Add to cart,costumes,FORREST GUMP (1994),Elderly Woman's (Ione M. Telech) Old Age Wig,$345,
Add to cart,costumes,DREDD (2012),Ma-Ma Clan Costume,£195,
Add to cart,costumes,FARGO (2014-PRESENT),"FBI Agent Budge's (Jordan Peele) Jacket, Shirt and Tie",£595,
Add to cart,costumes,SPACE ABOVE & BEYOND (1995-1996),Marine M590 Rifle,£995,
Add to cart,costumes,RED PLANET (2000),Pettengill (Simon Baker) and Chantilas (Terence Stamp) Mars 1 Coveralls,£995,
Add to cart,costumes,BROKEN DIAMONDS (2021),"Cindy's (Lola Kirke) Hoodie, Jeans, and Shoes",$295,
Add to cart,costumes,DUNE,Fremen Stillsuit with Cape and Crossbow,$695,
Add to cart,costumes,RICHARD III (1955),Duke of Buckingham's (Ralph Richardson) Costume,£695,
Add to cart,costumes,SAFE HOUSE (2012),Tobin Frost's (Denzel Washington) Dark Purple Shirt,$595,
Add to cart,costumes,"EXPENDABLES, THE (2010)",Black Tactical Vest,$495,
Add to cart,costumes,ROCK THE KASBAH (2015),Merci's (Kate Hudson) Afgan Star Costume,"$1,125",
Add to cart,costumes,AVENUE Q,Kate Monster Wedding Nightmare Suit Puppet,£495,
Add to cart,costumes,DRACULA (2013-2014),Set of Four Swinburne Club Drag Costume Bodices,£325,
Add to cart,costumes,"WOLFMAN, THE (2010)",Lawrence Talbot (Benicio Del Toro) Unfinished Stunt Werewolf Mask and Gloves,"$1,995",
Add to cart,costumes,LARGER THAN LIFE (1996),Tip Tucker's (Matthew McConaughey) Black Western-Style Shirt,$495,
Add to cart,costumes,CENTURION (2010),Drusilla (Rachel Stirling) Embroidered Dress,£595,
Add to cart,costumes,SERENITY (2005),Female Alliance Jumpsuit,£495,
Add to cart,costumes,DIE ANOTHER DAY (2002),Camouflage Surfer Hood and Artwork,$795,
Sold Archive,costumes,GLADIATOR (2000),Entertainment Memorabilia Live Auction: Los Angeles 2023 Lot #185 - General Maximus' (Russell Crowe) Screen-Matched Hero Dress Cuirass,"$125,000","Sold on 30 May, 2023"
Sold Archive,costumes,TITANIC (1997),Entertainment Memorabilia Live Auction: Los Angeles 2023 Lot #482 - Rose DeWitt Bukater's (Kate Winslet) Sinking Coat,"$137,500","Sold on 30 May, 2023"
Add to cart,costumes,EXTRAORDINARY MEASURES (2010),Dr. Stonehill's (Harrison Ford) Lab Coat,£460,
Add to cart,costumes,WHAT WOMEN WANT (2000),Nick Marshall’s (Mel Gibson) Raincoat,£695,
Add to cart,costumes,WOLVES (2014),Wolf Ears,$245,
Add to cart,costumes,STRATTON (2016),Full Black Soldier Uniform,£295,
Add to cart,costumes,PROMETHEUS (2012),Mercenary Costume,£995,
Add to cart,costumes,"PEOPLE NEXT DOOR, THE (1989-1989)",Mr. Id's (Michael Chieffo) Head Casting,$445,
Add to cart,costumes,"CHRONICLES OF RIDDICK, THE (2004)",Incomplete Necromonger Armour,£945,
Add to cart,costumes,POWERS (2015-2016),Sgt. Tiberio Martinez's (Raul Casso) One-Armed Costume Components,$995,
Add to cart,costumes,SLAUGHTERHOUSE RULEZ (2018),Audrey's (Margot Robbie) Scrubs,£745,
Add to cart,costumes,G.I. JOE: THE RISE OF COBRA (2009),Baroness' (Sienna Miller) Prototype Long Jacket,£295,
Add to cart,costumes,THIS IS 40 (2012),Jason's (Jason Segel) Watch and Catherine's (Melissa McCarthy) Ring,$395,
Add to cart,costumes,"GRAND BUDAPEST HOTEL, THE (2014)",First Lieutenant Cloak and Hat,£495,
Add to cart,costumes,"WAY BACK, THE (2010)",Valka's (Colin Farrell) Costume,£595,
Add to cart,costumes,STAR TREK INTO DARKNESS (2013),Lieutenant 0718's (Joseph Gatt) Cybernetic Implant Appliance,$595,
Sold Archive,costumes,GLADIATOR (2000),Entertainment Memorabilia Live Auction - London - 2019 Maximus' (Russell Crowe) Screen-matched General Armour,"£67,650","Sold on 10 Sep, 2019"
Add to cart,costumes,NORTHFORK (2003),Pair Of Happy's Porcelain Hand Gloves,£195,
Add to cart,costumes,X-MEN: APOCALYPSE (2016),William Stryker's (Josh Helman) Costume,$595,
Add to cart,costumes,JACK RYAN: SHADOW RECRUIT (2014),Viktor Cherevin's Moscow Restaurant Costume,$425,
Add to cart,costumes,ROBOCOP (2014),Dr. Dennett Norton's (Gary Oldman) Suit Outfit,£895,
Add to cart,costumes,JACK THE GIANT SLAYER (2013),King’s Paige Costume,£595,
Add to cart,costumes,BROKEN DIAMONDS (2021),Scott's (Ben Platt) Waiter Costume,$495,
Add to cart,costumes,"CHRONICLES OF NARNIA, THE: THE LION, THE WITCH AND THE WARDROBE (2005)",Ogre Mask on Bust,"$1,795",
Add to cart,costumes,MOCKING THE COSMOS (1992),Myrodemnon (Tim Roth) Alien Costume Set,$625,
Add to cart,costumes,JAMES BOND: QUANTUM OF SOLACE (2008),Bolivian Soldier 'Cerruto' Shirt & T-Shirt,£295,
Add to cart,costumes,"HOWERD CONFESSIONS, THE (1976-1976)",Frankie Howerd White Polyester Suit,£745,
Add to cart,costumes,BEN-HUR (2016),Ilderim's Stunt Blue Robe and Turban,$295,
Sold Archive,costumes,"LAST SAMURAI, THE (2003)",Entertainment Memorabilia Live Auction: London 2023 Lot #245 - Ujio's (Hiroyuki Sanada) Samurai Warrior Costume,"£75,000","Sold on 19 Oct, 2023"
Add to cart,costumes,"MAN WHO CRIED, THE (2000)",Dante Dominio's (John Turturro) Tunic,£395,
Add to cart,costumes,STAR TREK INTO DARKNESS (2013),Moto (Heather Langenkamp) Mask,"$1,545",
Add to cart,costumes,24,Jack Bauer's (Kiefer Sutherland) Alternate Diplomatic Security Jacket,"$1,495",
Add to cart,costumes,BROKEN DIAMONDS (2021),Scott's (Ben Platt) Police Station Costume,$245,
Add to cart,costumes,DRIVE ANGRY (2011),Henchman's Bloody SFX Hat,$245,
Add to cart,costumes,EUROPA REPORT (2013),William (Daniel Wu) Command Module Costume,$375,
Add to cart,costumes,BABYLON 5 (1994-1998),Babylon 5 Worker's Uniform,$325,
Add to cart,costumes,HIGH HEELS AND LOW LIFES (2001),Shannon's (Minnie Driver) Green Coat,£215,
Add to cart,costumes,STAR WARS: THE EMPIRE STRIKES BACK (1980),Vader Crew Patch,$275,
Add to cart,costumes,STAR TREK INTO DARKNESS (2013),Klingon Undersuit,$595,
Add to cart,costumes,DRACULA (2013-2014),Van Helsing's (Thomas Kretschmann) Seer-killing Costume,£495,
Add to cart,costumes,EARTH: FINAL CONFLICT (1997-2002),Cloisters Costume,£195,
Add to cart,costumes,G.I. JOE: THE RISE OF COBRA (2009),G.I. Joe Urban Camouflage Jacket and Tactical Vest,£295,
Add to cart,costumes,FRANKLYN (2008),Meanwhile City Cleric Costume - BT9 5QY,£495,
Add to cart,costumes,ALICE THROUGH THE LOOKING GLASS (1998),Red Knight's (Greg Wise) Horse Helmet and Armour,£495,
Add to cart,costumes,THE BIG BANG THEORY (2007-2019),Sheldon Cooper's (Jim Parsons) Holiday Pajamas,"$1,495",
Add to cart,costumes,STAR TREK INTO DARKNESS (2013),Unused Male Ayt Cowl,$895,
Add to cart,costumes,EASTENDERS (1985),Pauline Fowler's (Wendy Richard) Shirt,£145,
Add to cart,costumes,HELLBOY II: THE GOLDEN ARMY (2008),Butcher Guard Arm Guard,£195,
Add to cart,costumes,BABYLON 5 (1994-1998),Invader Helmet With Tassels,$995,
Add to cart,costumes,DOMINO (2005),Lashindra Davis' (Macy Gray) Pool Dress,£215,
Add to cart,costumes,MISSION TO MARS (2000),Set of Mission Badges,£195,
Add to cart,costumes,ULTRAVIOLET (2006),Daxus (Nick Chinlund) Guard Costume,£295,
Add to cart,costumes,EASTENDERS (1985),Sharon Watts' (Letitia Dean) Blouse,£145,
Add to cart,costumes,ANCHORMAN: THE LEGEND OF RON BURGUNDY (2004),The Motorcyclist's (Jack Black) Costume,"$3,445",
Add to cart,costumes,ALTERED (2006),Otis' (Michael C. Williams) Plumber Shirt,$495,
Add to cart,costumes,LOOPER (2012),Old Joe's (Bruce Willis) Dress Suit,"$1,245",
Add to cart,costumes,ADRIFT (2018),Tami Oldham's (Shailene Woodley) Straw Hat and Bathing Suit Cover,$495,
Add to cart,costumes,HIGH HEELS AND LOW LIFES (2001),Shannon's (Minnie Driver) Red Skirt Suit,£215,
Add to cart,costumes,ALIEN NATION (1989-1990),Skull Cap,£145,
Add to cart,costumes,SPACE ABOVE & BEYOND (1995-1996),58th Squadron Patches,$345,
Add to cart,costumes,300 (2006),Ephialtes (Andrew Tiernan) Hunchback Costume,"$1,195",
Add to cart,costumes,ALEXANDER (2004),Persian Soldier Costume,£345,
Sold Archive,costumes,TOP GUN (1986),Entertainment Memorabilia Live Auction 2017 Pete 'Maverick' Mitchell's (Tom Cruise) Flight Suit,"£45,750","Sold on 6 Sep, 2017"
Add to cart,costumes,UNKNOWN PRODUCTION,Altered Praetorian Helmet,£395,
Add to cart,costumes,JACK RYAN: SHADOW RECRUIT (2014),Jack Ryan's London Costume,$545,
Add to cart,costumes,"LEAGUE OF GENTLEMEN, THE (1999-2017)",Stella's (Reece Shearsmith) Dress,£695,
Add to cart,costumes,"PRODUCERS, THE (2005)",Silver German Helmet,£145,
Add to cart,costumes,RYAN'S DAUGHTER (1970),Charles Shaughnessy's (Robert Mitchum) Jacket,£495,
Sold Archive,costumes,STAR WARS: THE EMPIRE STRIKES BACK (1980),Entertainment Memorabilia Live Auction 2017 C-3PO Special Effects Head,"£73,200","Sold on 2 Aug, 2017"
Add to cart,costumes,RESIDENT EVIL: AFTERLIFE (2010),Umbrella Corporation Flight Suit,$195,
Add to cart,costumes,DARK IS RISING (2007),Dawson's (James Cosmo) Partial Costume,£145,
Add to cart,costumes,"MICKEY MOUSE CLUB, THE (1955)",Mouseketeer Western Costume Shirt,"$2,495",
Add to cart,costumes,"WALL: LIVE IN BERLIN, THE (1990)",Ensemble Helmet,£695,
Add to cart,costumes,EXTRAORDINARY MEASURES (2010),John Crowley's (Brendan Fraser) Costume,£315,
Add to cart,costumes,MEN IN BLACK (1997),Promotional Hamilton Ventura Watch,"£1,495",
Add to cart,costumes,INDEPENDENCE DAY (1996),Iraqi Airman's Flightsuit,$395,
Add to cart,costumes,ONE NIGHT IN MIAMI (2020),Cassius Clay (Eli Goree) London Fight Costume with Henry Cooper's (Sean Monaghan) Boxing Gloves,"$1,295",
Add to cart,costumes,DRACULA (2013-2014),Alexander Grayson's (Jonathan Rhys Meyers) Fight Costume and Stunt Sword,"£2,995",
Add to cart,costumes,ALI G INDAHOUSE (2002),East Staines Massiv String Vest Costume,£295,
Add to cart,costumes,JUPITER ASCENDING (2015),Caine Wise’s (Channing Tatum) Forearm Armour,£495,
Add to cart,costumes,DUNE (2000),House Atreides Soldier Costume with Cape,£495,
Add to cart,costumes,DOOMSDAY (2008),Distressed Armoured Costume,£295,
Sold Archive,costumes,INDIANA JONES AND THE TEMPLE OF DOOM (1984),Entertainment Memorabilia Live Auction - Los Angeles - 2021 Indiana Jones' (Harrison Ford) Fedora,"$431,250","Sold on 1 Jun, 2021"
Add to cart,costumes,"LAST EMPEROR, THE (1987)",Boys Blue Silk Over Robe,£195,
Add to cart,costumes,KINGDOM OF HEAVEN (2005),Saladin Soldier's Ornate Helmet,£495,
Add to cart,costumes,ENDER'S GAME (2013),Incomplete Salamander Flash Suit Helmet,$525,
Add to cart,costumes,X-MEN (2000),Senator Robert Kelly's (Bruce Davison) Sweat Suit,£695,
Sold Archive,costumes,STAR WARS: RETURN OF THE JEDI (1983),Entertainment Memorabilia Live Auction - London - 2021 Stormtrooper Helmet,"£131,250","Sold on 15 Oct, 2021"
Add to cart,costumes,ULTRAVIOLET (2006),Nerva (Sebastien Andrieu) Jacket & Shoes,£295,
Add to cart,costumes,RUSH (2013),James Hunt's (Chris Hemsworth) Helmet Sash,£295,
Add to cart,costumes,DUNE (2000),Sardaukar Soldier's Jacket,£145,
Add to cart,costumes,SLAUGHTERHOUSE RULEZ (2018),Matron's (Jane Stanness) Uniforms,£245,
Add to cart,costumes,FLIGHT (2012),Whip Whitaker's Pilot and Raincoat Costume,"$1,095",
Add to cart,costumes,"FIFTH ELEMENT, THE (1997)",Mangalore Spare Armour Pieces,£395,
Add to cart,costumes,GHOSTS OF MARS (2001),Light-Up Miners' Helmet,£695,
Sold Archive,costumes,BATMAN FOREVER (1995),Entertainment Memorabilia Live Auction - London - 2021 Batman's (Val Kilmer) Sonar Batsuit Display,"£93,750","Sold on 25 Oct, 2021"
Add to cart,costumes,MY BROTHER'S KEEPER (2004),Bess Meyers' Creature Teeth,£245,
Add to cart,costumes,CHILDREN OF MEN (2006),Jasper's (Michael Caine) Shirt,£295,
Sold Archive,costumes,STAR WARS: A NEW HOPE (1977),Entertainment Memorabilia Live Auction - Los Angeles - 2020 Stormtrooper Helmet,"$137,500","Sold on 26 Aug, 2020"
Sold Archive,costumes,STAR WARS: A NEW HOPE (1977),Entertainment Memorabilia Live Auction - Los Angeles - 2020 1977/1978 Darth Vader Promotional Costume With Poster-Matched Helmet,"$287,500","Sold on 26 Aug, 2020"
Add to cart,costumes,GEMINI MAN (2019),Junior's Final Battle Costume and Accessories,$625,
Sold Archive,costumes,JAMES BOND: DR. NO (1962),Entertainment Memorabilia Live Auction: London 2023 Lot #209 - Honey Ryder's (Ursula Andress) Bathrobe,"£87,500","Sold on 3 Nov, 2023"
Add to cart,costumes,"CHRONICLES OF RIDDICK, THE (2004)",Kyznetsov’s (Mark Acheson) Slam Guard Costume,£495,
Add to cart,costumes,TOTAL RECALL (2012),Douglas Quaid's (Colin Farrell) Costume,"$1,195",
Add to cart,costumes,"VERLASTING PIECE, AN (2000)",Bronagh (Anna Friel) Costume,£145,
Add to cart,costumes,"GRAND BUDAPEST HOTEL, THE (2014)",Zig-Zag Uniform,£995,
Add to cart,costumes,SPECTRE (1977),Stuart Freeborn Gorn-Like “Asmodius” Green Lizard Mask and Production Documents,"$4,495",
Add to cart,costumes,TERMINATOR 3: RISE OF THE MACHINES (2003),Battle-Scarred Future War Costume,£295,
Add to cart,costumes,JUPITER ASCENDING (2015),Tail Head Piece,£295,
Add to cart,costumes,BILLY LYNN'S LONG HALFTIME WALK (2016),Dime's (Garrett Hedlund) Tactical Vest,$345,
Add to cart,costumes,KING ARTHUR (2004),Alecto's (Lorenzo De Angelis) Tunic,£195,
Add to cart,costumes,SERENITY (2005),Alliance Guard Arm Armour,£395,
Add to cart,costumes,RED 2 (2013),Russian Naval Female Costume,£295,
Add to cart,costumes,BABY DRIVER (2017),Bats' (Jamie Foxx) Robbery Costume,"$1,995",
Add to cart,costumes,AUSTIN POWERS IN GOLDMEMBER (2002),Dr Roboto Factory Worker Costume,£295,
Sold Archive,costumes,BATMAN FOREVER (1995),Entertainment Memorabilia Live Auction: London 2023 Lot #48 - Batman's (Val Kilmer) Panther Suit,"£81,250","Sold on 7 Nov, 2023"
Add to cart,costumes,JACK RYAN: SHADOW RECRUIT (2014),Viktor Cherevin's Pinstriped Suit,$495,
Add to cart,costumes,THE BIG BANG THEORY (2007-2019),Raj Koothrappali (Kunal Nayyar) Holiday Pajamas,$795,
Add to cart,costumes,ONE NIGHT IN MIAMI (2020),Cassius Clay's (Eli Goree) Miami Fight Costume with Sonny Liston's (Aaron D. Alexander) Boxing Gloves,"$1,125",
Add to cart,costumes,BROKEN DIAMONDS (2021),Cindy's (Lola Kirke) Party Outfit and Boots,$495,
Sold Archive,costumes,"GODFATHER PART II, THE (1974)",Entertainment Memorabilia Live Auction: London 2023 Lot #164 - Vito Corleone's (Robert De Niro) Screen-matched Revenge Costume,"£62,500","Sold on 6 Nov, 2023"
Add to cart,costumes,AUSTIN POWERS IN GOLDMEMBER (2002),Mr. Roboto Factory Worker Costume,$295,
Add to cart,costumes,BROKEN DIAMONDS (2021),Cindy's (Lola Kirke) Finale Costume and Shoes,$395,
Add to cart,costumes,"CELL, THE (2000)",Peter Novak's (Vince Vaughn) SFX Costume,£395,
Sold Archive,costumes,PREDATORS (2010),Entertainment Memorabilia Live Auction 2017 Mr. Black / Berserker (Bryan Steele) Predator Creature Costume,"£57,950","Sold on 11 Sep, 2017"
Add to cart,costumes,WHISKEY TANGO FOXTROT (2016),Kim Baker's Blue Dress Costume,$495,
Add to cart,costumes,ALI G INDAHOUSE (2002),Ali G (Sacha Baron Cohen) Black Goth Costume,£495,
Add to cart,costumes,AUSTIN POWERS IN GOLDMEMBER (2002),Submarine Crewman Shirt,£245,
Add to cart,costumes,MY NAME IS EARL (2005-2009),Joy Turner's (Jaime Pressly) Blouse,"$1,045",
Add to cart,costumes,STAR WARS: RETURN OF THE JEDI (1983),Howard Kazanjian-signed Production Storyboard and Ewok Fur Display,£695,
Add to cart,costumes,GEMINI MAN (2019),Henry Brogan's Final Battle Costume,$495,
Sold Archive,costumes,ALIENS (1986),Entertainment Memorabilia Live Auction - London - 2022 Lot # 21 - Harry Harris Collection: Pvt. Hudson's (Bill Paxton) USCM Costume,"£175,000","Sold on 1 Nov, 2022"
Add to cart,costumes,SABOTAGE (2014),"Joe ""Grinder"" Phillips (Joe Manganiello) Denim Vest",$195,
Add to cart,costumes,BETTER CALL SAUL (2015-2022),"Madrigal Intermodal Warehouse Hardhat, Mug, Safety Vest, and Blue Water Bottle",$845,
Add to cart,costumes,"WAY BACK, THE (2010)",Irena's (Saoirse Ronan) Costume,£795,
Add to cart,costumes,"LEAGUE OF GENTLEMEN, THE (1999-2017)",Dr. Chinnery's (Mark Gatiss) Costume,£695,
Add to cart,costumes,BLOOD DIAMOND (2006),Colonel Bodyguard's Stunt Tactical Vest,£195,
Add to cart,costumes,SABOTAGE (2014),Caroline's (Olivia Williams) Bloody Shirt,$195,
Add to cart,costumes,ZOOM (2006),Cindy Collins' (Ryan Whitney Newman) Costume,£295,
Add to cart,costumes,FLIGHT (2012),Whip Whitaker's Office Meeting Costume,$695,
Add to cart,costumes,"EXPERIMENT, THE (2010)",Barris' (Forrest Whitaker) Complete Bloody Guard Costume,$445,
Add to cart,costumes,LOOPER (2012),Cid's (Pierce Gagnon) Shirt,$195,
Add to cart,costumes,DRACULA (2013-2014),Alexander Grayson (Jonathan Rhys Myers) Post-Explosion Stunt Suit,£295,
Add to cart,costumes,SPACE PRECINCT (1994),Police Jacket,£195,
Add to cart,costumes,POINT BREAK (1991),Prototype Richard Nixon Stunt Mask,"£2,195",
Add to cart,costumes,MARVEL'S JESSICA JONES (2015-2019),Dorothy Walker's Bloodied Death Costume and Jessica Jones' Funeral Costume,"$1,245",
Add to cart,costumes,HELLBOY II: THE GOLDEN ARMY (2008),Cathedral Head's (Brian Steele) Hand Appliances,$625,
Add to cart,costumes,10 CLOVERFIELD LANE (2016),Michelle's Board Game Costume,$745,
Add to cart,costumes,DRACULA (2013-2014),Alexander Grayson's (Jonathan Rhys Meyers) Hero Billiard Room Costume,£595,
Add to cart,costumes,CHILDREN OF MEN (2006),Theo’s (Clive Owen) Bexhill Costume,"£1,295",
Add to cart,costumes,EUROPA REPORT (2013),William (Daniel Wu) Tan T-shirt,$295,
Add to cart,costumes,DAREDEVIL (2003),The Kingpin's (Michael Clarke Duncan) Shirt and Waistcoat,£795,
Sold Archive,costumes,ALIEN (1979),Entertainment Memorabilia Live Auction - London - 2022 Lot # 12 - Brett's (Harry Dean Stanton) Nostromo Cap,"£81,250","Sold on 19 Oct, 2022"
Add to cart,costumes,EUROPA REPORT (2013),Daniel (Christian Camargo) Launch Under Layer,$195,
Add to cart,costumes,TRACK 29 (1988),Martin's (Gary Oldman) Costume,"$1,295",
Add to cart,costumes,RED 2 (2013),Marvin Boggs' (John Malkovich) Russian Military Stunt Costume,£495,
Add to cart,costumes,RED PLANET (2000),Santen's (Benjamin Bratt) Jumpsuit,£795,
Add to cart,costumes,PLAY SCHOOL (1965-1988),Hamper Of Puppet Costumes and Props,£595,
Add to cart,costumes,BASIC (2003),Master Sergeant Nathan West's (Samuel L. Jackson) Military Uniform,£695,
Add to cart,costumes,"EXPENDABLES, THE (2010)",Hale Caesar's (Terry Crews) Motorcycle Helmet,$845,
Add to cart,costumes,SABOTAGE (2014),"Julius ""Sugar"" Edmonds (Terrence Howard) Training Costume",$295,
Add to cart,costumes,HIGHLANDER II: THE QUICKENING (1991),Connor MacLeod's (Christopher Lambert) Tunic and Planet Zeist Rebel Costume Components,"$1,995",
Add to cart,costumes,SHANGHAI KNIGHTS (2003),Lord Nelson Rathbone's (Aiden Gillen) Costume,£695,
Add to cart,costumes,HUGO (2011),Hugo's Father's (Jude Law) Shirt,£245,
Add to cart,costumes,MY NAME IS EARL (2005-2009),Joy's (Jaime Pressley) Christmas Sweater Costume and Earrings,£395,
Add to cart,costumes,ULTRAVIOLET (2006),Violet's (Milla Jovovich) Prototype Blue Jacket,£345,
Add to cart,costumes,BROKEN DIAMONDS (2021),Scott's (Ben Platt) Black Henley Shirt,$195,
Add to cart,costumes,"TRIPODS, THE (1984-1985)",Eloise's (Charlotte Long) Stunt Costume,£395,
Add to cart,costumes,LOOPER (2012),Old Joe (Bruce Willis) Jeans and Long Sleeve Shirt,$795,
Add to cart,costumes,"BOAT THAT ROCKED, THE (2009)",Quentin’s (Billy Nighy) Jacket,£245,
Add to cart,costumes,MUNICH (2005),Ze’ev Friedman’s (Haguy Wigdor) Hostage Tracksuit,£245,
Sold Archive,costumes,TERMINATOR 2: JUDGMENT DAY (1991),Entertainment Memorabilia Live Auction 2018 Light-Up T-800 Terminator Endoskeleton,"£246,000","Sold on 19 Sep, 2018"
Add to cart,costumes,RED 2 (2013),Marvin Boggs' (John Malkovich) Uniform,£745,
Add to cart,costumes,JACK RYAN: SHADOW RECRUIT (2014),Jack Ryan's Military Costume,$895,
Add to cart,costumes,EVIE (2021),Prosthetic Skin Suit,£295,
Add to cart,costumes,HANNIBAL RISING (2007),Mother Lecters' (Ingeborga Dapkunaite) Burnt Coat,£195,
Add to cart,costumes,GULLIVER'S TRAVELS (2010),Gulliver's (Jack Black) Mailroom ID Card,£295,
Add to cart,costumes,FLIGHT (2012),Whip Whitaker's Breakfast Meeting Costume,$595,
Add to cart,costumes,DRACULA (2013-2014),Minerva Westenra's (Jemma Redgrave) Townhouse Costume,£295,
Add to cart,costumes,WAGNER (1981-1983),Richard Wagner's (Richard Burton) Coat,£215,
Add to cart,costumes,"HAUNTED MANSION, THE (2003)",Zombie Mask,"$1,965",
Add to cart,costumes,DRACULA (2013-2014),Van Helsing (Thomas Kretschmann) Engagement Party Costume,£495,
Add to cart,costumes,G.I. JOE: THE RISE OF COBRA (2009),Scarlett's Screen-Matched Stunt Pit Costume,$995,
Add to cart,costumes,SABOTAGE (2014),"Julius ""Sugar"" Edmonds (Terrence Howard) Shirts and Bandanna",$295,
Sold Archive,costumes,LOST IN SPACE (2018-2021),Lost in Space Online Auction Lot # 10: Lost In Space (2018-2021) - Robot Alien (Brian Steele) Complete Costume with Electronic Helmet,"$80,000","Sold on 31 Oct, 2019"
Add to cart,costumes,ULTRAVIOLET (2006),Medical Tech 1 (Matthew Sturgess) Lab Coat,£195,
Reserved,costumes,MARVEL'S AGENTS OF S.H.I.E.L.D. (2013-2020),Lot # 936 - Phil Coulson's Season 2 Finale Costume,,
Add to cart,costumes,PRINCE VALIANT (1997),Camelot Soldier's Armour Plates,£395,
Add to cart,costumes,"BLACKLIST, THE (2013-2023)",Ryan Eggold (Tom Keen) Suit,£695,
Add to cart,costumes,HOLLOW MAN (2000),Sebastian Caine's (Kevin Bacon) Burn Stunt Face Mask,$895,
Add to cart,costumes,COLD LAZARUS (1996),Fyodor's (Ciaran Hinds) Cloak,£195,
Add to cart,costumes,DOOM (2005),Mac's (Yao Chin) Jumpsuit,£495,
Sold Archive,costumes,BATMAN (1989),Entertainment Memorabilia Live Auction - London - 2019 Joker's (Jack Nicholson) Costume,"£73,800","Sold on 13 Sep, 2019"
Add to cart,costumes,10 CLOVERFIELD LANE (2016),Emmett's Distressed Blue T-shirt,$395,
Add to cart,costumes,MY NAME IS EARL (2005-2009),Earl Hickey's (Jason Lee) Flannel Shirt,"$1,325",
Add to cart,costumes,JACK THE GIANT SLAYER (2013),King's Guard Armour,£895,
Add to cart,costumes,TROY (2004),Pair of Shoes,£145,
Sold Archive,costumes,GLADIATOR (2000),Commodus (Joaquin Phoenix) White Arena Armour Display,,
Add to cart,costumes,"ISLAND, THE (2005)",Male Agnate Costume,$795,
Add to cart,costumes,HOTEL SPLENDIDE (2000),Kath's (Toni Collette) Cardigan and Trousers,£215,
Add to cart,costumes,SAVING PRIVATE RYAN (1998),Ranger Jacket with Shirt,"$1,475",
Sold Archive,costumes,"GOOD, THE BAD AND THE UGLY, THE (1966)",Entertainment Memorabilia Live Auction: London 2023 Lot #166 - Angel Eyes' (Lee Van Cleef) Hat,"£137,500","Sold on 8 Nov, 2023"
Add to cart,costumes,FRANK HERBERT'S CHILDREN OF DUNE (2003),Farad'n Corrino's (Jonathan Bruun) Training Costume,£295,
Add to cart,costumes,"WAY BACK, THE (2010)",Mr. Smith's (Ed Harris) Costume,£595,
Add to cart,costumes,EARTH: FINAL CONFLICT (1997-2002),White Spa Dressing Gown,£245,
Sold Archive,costumes,X-MEN (2000),Entertainment Memorabilia Live Auction 2017 Magneto (Ian McKellen) Helmet and Tunic,"£48,800","Sold on 15 Aug, 2017"
Add to cart,costumes,DREAMER (2005),Manolin's (Freddy Rodriguez) Jockey Riding Hat,$245,
Add to cart,costumes,AEON FLUX (2005),Guard SFX Helmet,£595,
Add to cart,costumes,28 WEEKS LATER (2007),Don's (Robert Carlyle) Costume,£525,
Add to cart,costumes,PRINCE OF PERSIA: THE SANDS OF TIME (2010),Silver Stud Gauntlets,£125,
Add to cart,costumes,KINGDOM OF HEAVEN (2005),Ibelin Houseman (Lotfi Yahya Jedidi) Costume,£295,
Add to cart,costumes,"PACIFIC, THE (2010)",Sgt. 'Gunny' Haney's (Gary Sweet) Uniform,£595,
Add to cart,costumes,BABYLON 5: THIRDSPACE (1998),Interplanetary Expeditions Jumpsuit,$495,
Add to cart,costumes,EUROPA REPORT (2013),James (Sharlto Copely) Red Off Duty Costume,$295,
Sold Archive,costumes,INDIANA JONES AND THE RAIDERS OF THE LOST ARK (1981),Entertainment Memorabilia Live Auction 2018 Indiana Jones' (Harrison Ford) Signature Fedora,"£393,600","Sold on 31 Aug, 2018"
Add to cart,costumes,SHATTERED (1991),Injured Dan Merrick Facial Appliance,$245,
Add to cart,costumes,ADRIFT (2018),Richard's (Sam Claflin) Turtleneck Sweater,$325,
Add to cart,costumes,SLAUGHTERHOUSE RULEZ (2018),Meredith's (Simon Pegg) Post Monster Kill Pyjamas,£695,
Add to cart,costumes,WAR HORSE (2011),British Army Helmet,£495,
Add to cart,costumes,DUNE (2000),Gurney Halleck (P.H. Moriarty) Uniform,£395,
Add to cart,costumes,"EAGLE HAS LANDED, THE (1976)",German Frogman Outfit,£395,
Add to cart,costumes,HOLLYWOODLAND (2006),Toni Mannix's (Diane Lane) Vintage Brocade Jumpsuit,$595,
Add to cart,costumes,RED 2 (2013),Sarah Ross' (Mary-Louise Parker) Russian Uniform,£595,
Add to cart,costumes,"ADJUSTMENT BUREAU, THE (2011)",Pair of Bureau Portal Hats,£995,
Add to cart,costumes,"HAUNTING OF HILL HOUSE, THE (2018-2018)",Young Hugh Crain's Bloody Shirt Prototype,$295,
Add to cart,costumes,"UNBORN, THE (2009)",Mark Hardigan (Cam Gigandet) YMCA Costume,£395,
Add to cart,costumes,STARSHIP TROOPERS (1997),Female Soldier's Shirt,£145,
Add to cart,costumes,LITTLE BUDDHA (1993),Tibetan Monk Costume - LB10A,£145,
Add to cart,costumes,"BANK JOB, THE (2008)",Martine Love's (Saffron Burrows) Brown Dress,£295,
Sold Archive,costumes,JASON GOES TO HELL: THE FINAL FRIDAY (1993),Entertainment Memorabilia Live Auction - Los Angeles - 2021 Screen-Matched Kane Hodder-Signed Jason Voorhees Hockey Mask,"$225,000","Sold on 21 Jun, 2021"
Add to cart,costumes,STAR TREK INTO DARKNESS (2013),Prototype Klingon Jewelry,$295,
Add to cart,costumes,"CHRONICLES OF RIDDICK, THE (2004)",Merc’s (Fabian Gujral) Costume,£195,
Add to cart,costumes,JOHNNY ENGLISH (2003),Pascal Sauvage' (John Malkovich) Costume,£395,
Add to cart,costumes,WHISKEY TANGO FOXTROT (2016),Kim Baker's White Tee and Taupe Sweater Costume,$495,
Sold Archive,costumes,IRON MAN 3 (2013),Entertainment Memorabilia Live Auction: London 2023 Lot #253 - Light-up Iron Man (Robert Downey Jr.) Mark 42 Helmet with Replica Chest and Shoulder Armour,"£81,250","Sold on 31 Oct, 2023"
Add to cart,costumes,DRACULA (2013-2014),Mina Murray (Jessica De Gouw) Hyde Park Costume,£345,
Add to cart,costumes,MINORITY REPORT (2002),Director Lamar Burgess' (Max Von Sydow) Lapel Pin,£395,
Add to cart,costumes,LITTLE RED RIDING HOOD (1995),Hyena Head Mask,£395,
Add to cart,costumes,"LAST EMPEROR, THE (1987)",Child's Kingfisher Feather Headband,£145,
Add to cart,costumes,BETTER CALL SAUL (2015-2022),Mike Ehrmantraut (as played by Jonathan Banks) Parking Attendant Short-Sleeve Polo,$995,
Add to cart,costumes,GANGS OF NEW YORK (2002),Jenny Everdeane's (Cameron Diaz) Bloodied Dress,"$1,485",
Add to cart,costumes,"CHRONICLES OF NARNIA, THE: PRINCE CASPIAN (2008)",Satyr Mask - Grey Hair,"$1,195",
Sold Archive,costumes,SPIDER-MAN 3 (2007),Entertainment Memorabilia Live Auction - London - 2021 Production-made Spider-Man (Tobey Maguire) Costume,"£162,500","Sold on 8 Nov, 2021"
Add to cart,costumes,"UNBORN, THE (2009)",Casey's (Odette Yustman) Top and Jeans,£395,
Add to cart,costumes,PANDORUM (2009),Child Hunter's (Asia Luna Mohmand) Costume,$895,
Add to cart,costumes,CAPTAIN CORELLI'S MANDOLIN (2001),Italian Soldier Helmet,£195,
Add to cart,costumes,"HAUNTING, THE (1999)",Hugh Crain Fireplace Head,"$1,995",
Add to cart,costumes,EUROPA REPORT (2013),Rosa (Anamaria Marinca) Grey Crew Jacket,$245,
Add to cart,costumes,MARVEL'S JESSICA JONES (2015-2019),Trish Walker's Hellcat Costume with Bonus Pants,$195,
Add to cart,costumes,"GRAND BUDAPEST HOTEL, THE (2014)",Gustave's (Ralph Fiennes) Prison Costume,"£2,995",
Add to cart,costumes,G.I. JOE: THE RISE OF COBRA (2009),Baroness' (Sienna Miller) Prototype Boots,£495,
Add to cart,costumes,HOLLOW MAN (2000),Sebastian Caine's (Kevin Bacon) Facial Appliance,$895,
Add to cart,costumes,BATTLESTAR GALACTICA (1978),Woman's Top,£395,
Add to cart,costumes,CHILDREN OF MEN (2006),British Army Combat Helmet,£145,
Add to cart,costumes,ALI G INDAHOUSE (2002),David Carlton (Charles Dance) Suit,£295,
Add to cart,costumes,WRATH OF THE TITANS (2012),Greek Warrior Helmet,£595,
Add to cart,costumes,DEATH HOUSE (2016),Giger's (Bill Moseley) Armored Cowl,$395,
Add to cart,costumes,MISSION: IMPOSSIBLE (1996),Franz Krieger (Jean Reno) Fireman Costume,£995,
Add to cart,costumes,13 (2010),"Vince's (Sam Riley) ""13"" Game Shirt",$395,
Add to cart,costumes,IMMORTALS (2011),Complete Hoplite Soldier Costume & Helmet,£795,
Add to cart,costumes,UNKNOWN PRODUCTION,Frankenstein’s Monster-style Kryolan Make-up Demo Head,£395,
Add to cart,costumes,"HAUNTING OF HILL HOUSE, THE (2018-2018)",Young Theo's Alternate Bathrobe,$345,
Add to cart,costumes,DUNE (2000),Sardaukar Costume,£195,
Add to cart,costumes,SABOTAGE (2014),"James ""Monster"" Murray's (Sam Worthington) Training Costume",$345,
Add to cart,costumes,ULTRAVIOLET (2006),Police Costume,£195,
Add to cart,costumes,"REPLACEMENT KILLERS, THE (1998)",John Lee’s (Chow Yun-Fat) White T-Shirt,$395,
Add to cart,costumes,"GOLDEN COMPASS, THE (2007)",Gyptian Warrior Costume,£395,
Add to cart,costumes,LOOPER (2012),Gat Men Long Coat with Vest,$595,
Add to cart,costumes,PIXELS (2015),President Will Cooper's (Kevin James) Grey Suit,$595,
Add to cart,costumes,FALLING SKIES (2011-2015),'Skitters' Creature Mask and Upper Body,"£2,495",
Add to cart,costumes,DANTE'S PEAK (1997),Terry Furlong's (Kirk Trutner) USGS Jumpsuit,£345,
Add to cart,costumes,10 CLOVERFIELD LANE (2016),Emmett's Bloodied Board Game Costume,$695,
Add to cart,costumes,"GOOD LIE, THE (2014)",Carrie's (Reese Witherspoon) Leather Jacket,"$1,495",
Add to cart,costumes,SPECTRAL (2016),DARPA Armor Component,$495,
Add to cart,costumes,BOSTON LEGAL (2004-2008),Alan Shore (James Spader) and Denny Crane (William Shatner) Ties Display,£495,
Add to cart,costumes,"PACIFIC, THE (2010)","Robert ""Lucky"" Leckie's (James Badge Dale) ""6-43"" Dog Tag",£195,
Add to cart,costumes,FLIGHT (2012),Katerina Marquez's Flight Attendant Costume,$295,
Add to cart,costumes,BABYLON 5 (1994-1998),Babylon 5 Worker's Uniform,$345,
Add to cart,costumes,SCOUTS GUIDE TO THE ZOMBIE APOCALYPSE (2015),Scout Leader Rogers' (David Koechner) Distressed Scout Uniform,$495,
Add to cart,costumes,DARK IS RISING (2007),Old George (Jim Piddock) Costume,£245,
Add to cart,costumes,MAJOR LEAGUE: BACK TO THE MINORS (1998),Baseball Jersey,£145,
Add to cart,costumes,ULTRAVIOLET (2006),White Haz-Mat Suit Hood,£145,
Sold Archive,costumes,SUPERMAN (1978),Entertainment Memorabilia Live Auction 2018 Superman (Christopher Reeve) Costume Display,"£159,900","Sold on 31 Aug, 2018"
Add to cart,costumes,ZOOM (2006),Summer's (Kate Mara) Jumpsuit and Boots,$695,
Add to cart,costumes,UNKNOWN PRODUCTION,'Lite's Teeth',£195,
Add to cart,costumes,DEFYING GRAVITY (2009),Ted Shaw's (Malik Yoba) Flight Suit,£395,
Add to cart,costumes,TIMELINE (2003),English Knight's Helmet,£395,
Add to cart,costumes,STARGATE SG-1 (1997-2007),Jaffa Vambrace with Zat Gun Wrist Holster,$495,
Add to cart,costumes,BROKEN DIAMONDS (2021),Cindy's (Lola Kirke) Move-In Costume,$295,
Add to cart,costumes,DUNE (2000),Assorted Patches,£195,
Add to cart,costumes,STAR WARS: RETURN OF THE JEDI (1983),Scout Trooper Helmet and Armor Production-Made Component Set,"$5,745",
Sold Archive,costumes,"TERMINATOR, THE (1984)",Entertainment Memorabilia Live Auction - Los Angeles 2022 Lot # 434 - T-800's (Arnold Schwarzenegger) Screen-Matched M-65 Field Jacket,"$56,250","Sold on 24 May, 2022"
Add to cart,costumes,ROBIN HOOD (2010),Soldier Battle Helmet,£295,
Add to cart,costumes,SPY KIDS: ALL THE TIME IN THE WORLD (2011),Pair of Prototype Stompers with Jumpers,$795,
Add to cart,costumes,MINORITY REPORT (2002),Pre-Crime Halo Device,$995,
Add to cart,costumes,THE BIG BANG THEORY (2007-2019),Sheldon Cooper's (Jim Parsons) T.V. Test Pattern Graphic T-Shirt,"$1,495",
Sold Archive,costumes,BLADE RUNNER (1982),Entertainment Memorabilia Live Auction: Los Angeles 2023 Lot #68 - Rick Deckard's (Harrison Ford) Screen-Matched and Photo-Matched Costume from Voight-Kampff and Roy Batty (Rutger Hauer) Fight Scenes,"$287,500","Sold on 30 May, 2023"
Add to cart,costumes,TRICK (2019),Painted Mask Set,$195,
Add to cart,costumes,G.I. JOE: THE RISE OF COBRA (2009),Woodland Camouflage Uniform,£295,
Add to cart,costumes,"REVENANT, THE (2015)","Satchel, Canteen and Holster Belt Set",$545,
Sold Archive,costumes,STAR WARS: A NEW HOPE (1977),Entertainment Memorabilia Live Auction - Los Angeles - 2020 Phil Tippett Collection: Duros Cantina Alien Mask,"$100,000","Sold on 26 Aug, 2020"
Add to cart,costumes,KING ARTHUR (2004),Bors' (Ray Winstone) Hero Greaves,£395,
Add to cart,costumes,10 CLOVERFIELD LANE (2016),Emmett's Distressed Blue T-shirt and Jeans,$495,
Add to cart,costumes,ALIEN3 (1992),Clive William's (Clive Mantle) Costume,"$1,545",
Add to cart,costumes,ULTRAVIOLET (2006),Red Hazmat Suit,£195,
Add to cart,costumes,STRATTON (2016),Stratton's (Dominic Cooper) Jacket,£145,
Add to cart,costumes,"FOUR FEATHERS, THE (2002)",Ethne Eustace's (Kate Hudson) Blue Skirt and Jacket,£275,
Add to cart,costumes,"GRAND BUDAPEST HOTEL, THE (2014)",Police Militia Winter Uniform No.10,£995,
Add to cart,costumes,ULTRAVIOLET (2006),Archministry Trooper Gas Mask Costume,£795,
Add to cart,costumes,DOOM (2005),Portman's (Richard Brake) Jumpsuit,£595,
Sold Archive,costumes,EDWARD SCISSORHANDS (1990),Entertainment Memorabilia Live Auction 2018 Edward Scissorhands' (Johnny Depp) Costume Display,"£79,950","Sold on 31 Aug, 2018"
Sold Archive,costumes,"DARK KNIGHT RISES, THE (2012)",Entertainment Memorabilia Live Auction 2016 Bane's (Tom Hardy) Costume,"£96,000","Sold on 15 Aug, 2016"
Add to cart,costumes,"ISLAND, THE (2005)",Fibre-optic Male Agnate Costume,$845,
Add to cart,costumes,ROBIN HOOD (2010),Soldier's Battle Helmet,£395,
Add to cart,costumes,BABYLON 5 (1994-1998),Red Invader Helmet,$995,
Add to cart,costumes,"GRAND BUDAPEST HOTEL, THE (2014)","Zig-Zag Soldier ""7"" Jacket and Hat",£595,
Add to cart,costumes,SLAUGHTERHOUSE RULEZ (2018),Red Dreads' (Neil Pendleton) Costume,£195,
Add to cart,costumes,JACK RYAN: SHADOW RECRUIT (2014),Jack Ryan's Rehabilitation Costume,$645,
Add to cart,costumes,BATTLESTAR GALACTICA: RAZOR (2007),Number Six's (Tricia Helfer) Screen-Matched Bloody Costume,"£1,295",
Add to cart,costumes,BATTLE: LOS ANGELES (2011),Cpl. Kevin Harris' (Ne-Yo) Costume and Rifle,"$1,185",
Sold Archive,costumes,PIRATES OF THE CARIBBEAN: ON STRANGER TIDES (2011),Entertainment Memorabilia Live Auction: London 2023 Lot #290 - Jack Sparrow's Stunt Costume,"£106,250","Sold on 18 Oct, 2023"
Add to cart,costumes,PRINCE OF PERSIA: THE SANDS OF TIME (2010),Alamut Soldier's Helmet,£295,
Add to cart,costumes,ALEXANDER (2004),Indian Soldier Costume,$345,
Add to cart,costumes,EUROPA REPORT (2013),William (Daniel Wu) Crew Jacket Costume with Pin,$475,
Add to cart,costumes,DOOMSDAY (2008),Female Mohawk's Costume,£195,
Add to cart,costumes,EUROPA REPORT (2013),William (Daniel Wu) Cockpit Costume 002,$245,
Add to cart,costumes,UNKNOWN PRODUCTION,Brogan Sharp-made Goatee Beard Mask,£395,
Add to cart,costumes,SABOTAGE (2014),Julius 'Sugar' Edmonds' (Terrence Howard) Jacket,$295,
Sold Archive,costumes,V FOR VENDETTA (2005),Entertainment Memorabilia Live Auction - Los Angeles - 2020 Stunt V Costume,"$75,000","Sold on 24 Aug, 2020"
Add to cart,costumes,EUROPA REPORT (2013),William (Daniel Wu) Full Living Module Costume,$475,
Sold Archive,costumes,STAR WARS: THE PHANTOM MENACE (1999),Entertainment Memorabilia Live Auction - London - 2022 Lot # 353 - Yoda's Jedi Robes,"£53,125","Sold on 11 Oct, 2022"
Add to cart,costumes,GANGS OF NEW YORK (2002),Wealthy Lady (Helen Scorsese) Costume,£995,
Add to cart,costumes,MINORITY REPORT (2002),Ramos' (Richard Coca) Jumpsuit,£695,
Add to cart,costumes,ELLA ENCHANTED (2004),Giant Bride's Costume,£215,
Add to cart,costumes,ROBIN HOOD (2018),Marian's (Eve Hewson) Pink Dress Costume,£695,
Sold Archive,costumes,ALIENS (1986),Entertainment Memorabilia Live Auction 2017 Alien Creature Costume,"£61,000","Sold on 29 Aug, 2017"
Add to cart,costumes,MARVEL'S LUKE CAGE (2016-2018),Bushmaster's Mariah House Burning and Bullet Hole Stunt Stylers Takeover Costumes and Accessories,$375,
Add to cart,costumes,"LAST AIRBENDER, THE (2010)",Iroh's (Shaun Toub) Armour,£345,
Add to cart,costumes,DRACULA (2013-2014),Alexander Grayson (Jonathan Rhys Myers) Western Railway Stunt Costume,£495,
Add to cart,costumes,FRANKLYN (2008),Meanwhile City Complete Cleric Costume - 8DS N2,£995,
Add to cart,costumes,300 (2006),Xerxes' (Rodrigo Santoro) Facial Jewelry,$645,
Add to cart,costumes,LARA CROFT: TOMB RAIDER (2001),Manfred Powell's (Iain Glen) Waistcoat,£345,
Add to cart,costumes,"CHRONICLES OF RIDDICK, THE (2004)",Meccan Soldier Torso Armour,£295,
Add to cart,costumes,13 HOURS: THE SECRET SOLDIERS OF BENGHAZI (2016),DS Dave Ubben's (Demetrius Grosse) Bloody Flak Jacket,$495,
Add to cart,costumes,MY NAME IS EARL (2005-2009),Joy's (Jamie Presley) Jeans,£175,
Add to cart,costumes,GLADIATOR (2000),Roman Archer Costume,"£1,995",
Add to cart,costumes,JACK RYAN: SHADOW RECRUIT (2014),Cathy's Hospital Rehab Center Costume,$495,
Sold Archive,costumes,"BIG LEBOWSKI, THE (1998)",Entertainment Memorabilia Live Auction: London 2023 Lot #65 - The Dude's (Jeff Bridges) Screen-matched Cardigan Costume,"£53,125","Sold on 10 Oct, 2023"
Add to cart,costumes,"LEAGUE OF GENTLEMEN, THE (1999-2017)",Uncle Harvey (Steve Pemberton) Waistcoat,£395,
Add to cart,costumes,DELIVERY MAN (2013),18th Century Reenactor (Stephen Ellis) Wire-Framed Glasses In Case,$195,
Add to cart,costumes,TANK GIRL (1995),Water & Power Officer Belt with Gun Holster,$245,
Add to cart,costumes,GEMINI MAN (2019),Junior's Cartagena Costume and Accessories,$695,
Add to cart,costumes,WHITE OLEANDER (2002),Claire's (Renee Zellweger) Shirt,$695,
Add to cart,costumes,13 (2010),Vince Ferro's (Sam Riley) Complete Work Costume,$595,
